DATETIME,CALLSIGN,LAT,LONG,ALT,SPD,TRKANGLE
2023-08-01 18:03:41.670185,E2Z9L3FP,2.2250189954880697,103.72276796562527,4694.1796281796305,217.78731650772335,125.47427046182028
2023-08-01 18:03:41.671740,NA7EKU9X,1.4385011228122226,104.38361049197542,3306.4708971398995,405.6953610425475,180.44340067026195
2023-08-01 18:03:42.172464,6PMIXHJT,2.2677437330715,104.84560408563699,2694.1366089144854,359.4753160419444,210.63984109480393
2023-08-01 18:03:42.174610,D15OF96T,1.724659324322683,105.81474208172459,1055.5191185225003,599.4058721493504,41.27387920943647
2023-08-01 18:03:56.965684,2GJBK8PT,1.9214821925250234,103.76353618839198,11335.8270674902,12.099121680764194,293.0292823399805
2023-08-01 18:03:56.966473,2GJBK8PT,1.9214821925250234,103.76353618839198,11335.8270674902,12.099121680764194,293.0292823399805
2023-08-01 18:03:57.467993,2TNVZ8JM,1.2467377034617653,103.05102929284256,4955.199967707479,17.88656007302129,176.62125285499246
2023-08-01 18:03:57.468806,HLRX3NPK,0.6804146084747968,103.52994303425679,8828.164423656934,20.12146540948352,258.3589789712566
2023-08-01 18:03:57.970159,EJZBQ71O,0.24647883393958914,104.05672763291646,4204.129479192469,8.990196750825964,184.5581462755024
2023-08-01 18:03:57.970850,CDJL3VE6,-0.4927976303667321,103.29358415968916,5006.133151096409,11.657749646061887,258.5734014415692
2023-08-01 18:04:11.079338,DZW6S1K4,0.559824538510832,104.71108734298456,7757.179966228161,64.251415380456,58.36972961937709
2023-08-01 18:04:11.080218,1GPS563E,-0.2805992953708949,103.98327915145427,10828.980903715214,31.834834123448147,95.27461172245391
2023-08-01 18:06:55.046846,DEADBEEF,1.3553128541939843,103.8198,5031.487911870176,128.9310005984801,1.1314576628700488
2023-08-01 18:10:49.400399,T21VIOM8,1.3419280184455076,104.09608632883912,5189.502751306865,27.243636280530637,302.8658981017185
2023-08-01 18:10:49.903471,MZG2HW93,2.022378661671204,103.84722736012581,2118.5415728525113,1.651484184356164,40.84967319675968
2023-08-01 18:10:50.405555,B2O810YX,2.7963969056298947,104.75357709937718,1231.1238432275873,1.3511260291577727,246.30264477692123
2023-08-01 18:10:50.907684,0KDNAMVB,2.1043797869961143,104.99217794312096,745.0590097298715,1.0145522138130494,112.83363326925547
2023-08-01 18:10:51.409855,38TMRSFO,2.717887329154606,105.34957998724953,1180.735858577367,0.8388805595359587,247.53592633721775
2023-08-01 18:10:51.912081,5JKO8IZD,2.667319488202967,105.79727436397505,2038.1273666955979,1.3425335733234998,319.61014213688304
2023-08-01 18:10:52.414229,KZH8NPDJ,3.1932160432688885,106.52015403721899,1903.3429936241844,1.7310861042729142,299.09378266630597
2023-08-01 18:10:52.916354,CO2WEF1T,3.7628022656031157,107.18697889494887,103.47626652853228,1.2746291546056958,26.214454073410366
2023-08-01 18:10:53.418492,VMX78KGA,3.6622640980493495,107.21985992036832,69.7042487213801,2.301263988147344,144.30362685638013
2023-08-01 18:10:53.920580,A65NPTQZ,3.014431157958835,106.61197787154521,108.25181931735143,1.0163736634953486,47.50077902930468
2023-08-01 18:10:54.422673,LPKGAOF1,3.9356095296692817,105.86878918772433,177.80510597551543,0.6928090679173848,160.36858330598338
2023-08-01 18:10:54.899658,3M59U21Y,4.058294043114238,105.73262649843198,263.1740217535309,0.5602062398049488,259.25414701065847
2023-08-01 18:10:55.401769,1KPTA637,4.580074809322968,105.13822807558869,458.2178375961549,0.8257876798824039,286.38453704990405
2023-08-01 18:10:55.903987,ZIMSQW72,5.475434305289265,105.8740207753721,102.32740060814075,0.39616866607673096,198.71949221256136
2023-08-01 18:10:56.406133,Q8MX4WP5,6.100998587143507,105.89779052271777,140.2795857844479,0.6857507464972259,95.51256822522481
2023-08-01 18:10:56.908215,8347LSY2,6.131282534876139,106.84870089027835,145.25454190506326,0.7005382024434051,119.60427360754727
2023-08-01 18:10:57.410565,7HLVN12Z,5.5258811992724,107.62054348037417,266.0858089885631,1.1195202581897268,315.4916985188715
2023-08-01 18:10:57.912599,BOGKZYHW,4.904943838278558,107.95247108928555,402.9373447358816,0.7182889712272609,52.51556719432091
2023-08-01 18:10:58.414733,1TX0SPL6,5.447116388221441,108.36073400265694,284.0379157274154,0.8660214586553542,82.70537382070245
2023-08-01 18:10:58.916780,6SDKA9FQ,5.558855691479572,109.05008048112754,248.4992661856476,0.8797238600821624,21.715855228103806
2023-08-01 18:10:59.419218,A5IJ6HCS,4.9088583136480946,109.7079603264894,26.84005767443412,1.0817108535446676,191.54593833285756
2023-08-01 18:10:59.921598,96FCXQAB,4.936828216609626,110.08076008091263,35.80495030683661,0.5333993309739354,259.87146958214237
2023-08-01 18:11:00.424027,I2GF30HY,4.850306414583998,109.69024316685442,47.02025698439452,0.9965706290811461,149.25885736324176
2023-08-01 18:11:00.901021,S21J0DXE,5.064343040583304,108.94141561598171,39.7235359405451,1.1383189367428357,341.4323467621493
2023-08-01 18:11:01.403313,N34L7QFV,5.290286120401765,109.24307992055749,62.269165011399636,1.8396034786135356,338.41275813046013
2023-08-01 18:11:01.905676,56YWEV0I,4.3996027696097215,109.30961801445734,72.66298756100899,1.6765288460627725,296.24106654075797
2023-08-01 18:11:02.408081,7PB2EGVQ,4.05722271855239,108.83530877595102,40.31749378383141,1.496543092911467,144.66029690401808
2023-08-01 18:11:02.910408,2WHIMFJ6,4.552022378098599,108.06568175738116,36.64634924759153,1.350518743338877,274.15348077439444
2023-08-01 18:11:03.412506,4J32CPAS,4.172819207923975,107.0674557087857,42.38849658373259,0.3623666465560893,329.15452488884165
2023-08-01 18:11:03.914932,I8RQANMK,4.191560985626375,107.42107674944279,67.12080637813065,0.5945340461748252,250.0538102083633
2023-08-01 18:11:04.416885,OZEMQ67J,4.911066647807208,107.60812219034801,10.154098687381627,0.3794688060013612,285.6568369392734
2023-08-01 18:11:04.919187,Z0YBEA4J,5.780641830744597,108.51760997153352,19.466230482806406,0.7580753589842854,248.68880740280952
2023-08-01 18:11:05.421540,ZY0OQTIP,5.118620796896918,108.08576527473959,35.92062533888129,1.1821555923579858,185.22984525464722
2023-08-01 18:13:20.046711,EQYDFOMS,0.6690575278790614,102.90532590369143,66.08403934239959,159.27034886802366,275.78506662700306
2023-08-01 18:13:20.549146,8DFP10G6,-0.3248959468856274,103.46754339469328,27.15362674907552,29.582121336173373,89.94817466621481
2023-08-01 18:13:21.051229,X3HDA0IK,0.454868665062397,104.36132125721403,13.754346094366216,44.99234599562532,186.65523291401706
2023-08-01 18:13:21.553242,7L6N3ZGA,-0.23502205890882344,104.24643612266779,16.65862003137148,44.23484242401174,20.520591196267787
2023-08-01 18:13:22.055314,I6SDP1R5,-0.09658018116999534,105.03679572749495,6.386979361807846,33.16665257146826,325.7335772823415
2023-08-01 18:13:22.557331,VGCHWE05,-0.8459282912433623,105.71189780926528,11.229631882428468,42.52683467554496,52.950242130579
2023-08-01 18:13:23.058860,027UBRQA,-0.861391665089617,106.63801337864483,5.010926653239945,64.24029609881272,288.48981773262017
2023-08-01 18:13:23.560506,J5O3PVNL,-1.2156865697502668,105.94307071819614,0.3715559284749945,12.519595581061196,88.96196437857822
2023-08-01 18:13:24.062634,93SCKB1L,-1.4742423688630295,105.90819256007232,0.56001946823566,4.543215156350548,202.26059425153105
2023-08-01 18:13:24.564291,9YW51INT,-0.9037829780369637,106.75698716200877,1.1002862624061334,0.7812434863426736,333.7859000167982
2023-08-01 18:13:25.065903,MDCIJL9U,-1.6604302586009956,107.48481688855539,0.964634974340706,0.23853310852708132,326.9614606307757
2023-08-01 18:13:25.567915,F09UBZN8,-1.6158399964110668,106.56006975927366,0.2236832622256021,0.47179867810373505,177.0123467391952
2023-08-01 18:13:26.070072,J6425BZO,-2.3403283250058458,107.01532213529703,0.2054790423373524,0.04098662790194246,330.4688614264254
2023-08-01 18:13:26.547013,IBL1VNS0,-2.197160587059649,107.13696607112087,0.18780399864276665,0.028088220635715942,248.196829765257
2023-08-01 18:13:27.049186,XO09L852,-2.571269449393549,106.25883990592516,0.1433664611526793,0.03024110007337488,20.79801232906391
2023-08-01 18:13:27.551158,V8YK5HBR,-2.6524019540690116,107.04738380224488,0.015058098259803837,0.02798655243333743,136.36949496510732
2023-08-01 18:13:28.053269,U6CNYK1T,-3.381588129611269,106.48335654139488,0.02387671486663154,0.05298877664809545,260.2279876095295
2023-08-01 18:13:28.555425,A9FK2LR3,-4.379833969496382,106.23957847326956,0.03306500290380813,0.0851348700744897,328.8922227286612
2023-08-01 18:13:29.057630,0SZJFWNR,-4.275098613116646,106.48167615156487,0.027422455254572906,0.03097530736016374,93.27222576896321
2023-08-01 18:13:29.559631,25LIPFZ9,-4.167269498095963,107.05740976371736,0.024675718468103267,0.039416897885873894,207.56665174867572
2023-08-01 18:13:30.061663,57I318XJ,-3.657872563221038,107.48669049168049,0.0033771423042140945,0.02670447274397847,344.336000350611
2023-08-01 18:13:30.563670,VP9NAJB3,-4.120910547455232,106.56179388562573,0.005208493726139044,0.0084168476244765,76.23684836295087
2023-08-01 18:13:31.065875,4OVIWHBS,-3.991555840925311,107.3414424631775,0.0005773834320528604,0.0031395002044303563,46.79929172591761
2023-08-01 18:13:31.567924,J85IN0VL,-4.052095809684332,107.97110602726222,0.0009749904147747539,0.0018399346332097733,144.06881641847082
2023-08-01 18:13:32.069983,OIF9BDSK,-4.293146103185171,108.80937492816146,0.0013411882576799517,0.003495158002507407,192.41435123170447
2023-08-01 18:13:32.546926,5VAGL7R2,-3.5631396965477937,108.26906974653848,0.0007354005430915751,0.0024261948122353636,296.93013565850265
2023-08-01 18:13:33.049130,A4DQM1O7,-4.423339042670466,108.78545680808028,0.0010932018575622842,0.001867483802941938,210.93616368301923
2023-08-01 18:13:33.551225,2FJOWUKX,-4.629776611997498,109.48472874021822,0.0010327639256305506,0.0020544195754879655,175.87623456446772
2023-08-01 18:13:34.053176,LBNR4VZH,-4.618806916807247,109.99688028161899,0.0004749816759709051,0.0032140428100855714,321.95173439160055
2023-08-01 18:13:34.554830,0DMXLN15,-5.334820386788261,109.25294889530278,0.00034961197849707487,0.002297993780574785,180.5086523379348
2023-08-01 18:13:35.056319,58GZ1V73,-4.860551012899265,108.35519990429367,0.00017150322755236496,0.0032747417932945857,342.0460364945012
2023-08-01 18:13:35.557849,ENXV3QYZ,-5.031575331094391,107.69029577884129,0.0001468042211147638,0.00570139754200468,158.3800481443676
2023-08-01 18:13:36.059766,JIN6L5BM,-4.235454656860271,106.78381036447999,0.00027258145590487433,0.010854751650964493,53.81952686601028
2023-08-01 18:13:36.561461,XQ5DBYF9,-3.940877571582835,106.26729516193824,0.0005206518672047621,0.015807677635312975,109.02916658542637
2023-08-01 18:13:37.063690,1VEJWYAL,-4.584052090904317,106.94923952098335,0.0003889298016969573,0.0012719303241170918,315.97414120474645
2023-08-01 18:13:37.565949,GWN43VS6,-4.070834577584093,107.74404038562646,0.0007401424354262064,0.0023874101600133276,317.46243000397226
2023-08-01 18:13:38.068072,ZJ0BYK86,-4.71311868820129,107.71835112505683,0.0013395955259408328,0.0009315048691062847,167.29002488582455
2023-08-01 18:13:38.570121,Z5IXL7EO,-5.151951485614189,107.76367378260039,0.0005360424726557824,1.885947282401657e-05,26.77883118906675
2023-08-01 18:13:39.047191,9ZQDPXVF,-5.893924117189045,108.53814939429215,0.0006209750263711013,3.062115273124318e-05,327.8978587646264
2023-08-01 18:13:39.549412,35L64UE7,-6.052021660897385,107.84269609441307,8.367268308490648e-05,1.5217914447924447e-05,184.46394447170098
2023-08-01 18:13:40.051579,RPLDXQWU,-5.063418709621864,108.75250952062119,0.00016122279960988266,9.561140808576517e-06,205.41152786314055
2023-08-01 18:13:40.553598,S71IQRT8,-5.869315817588508,109.11797479331689,0.0002795339373074808,1.5709473114934055e-05,279.12600210157143
2023-08-01 18:13:41.055677,IWZB4JTO,-6.6268372412178715,109.6904391176494,7.4234323963566756e-06,4.84160977661267e-06,285.0281017719648
2023-08-01 18:13:41.557751,17IFRO6C,-6.709528535814822,109.57706619183917,5.353727826394457e-06,2.7866340916056474e-06,164.25639070666273
2023-08-01 18:13:42.059839,B9G6QI3W,-6.769481920850494,109.89202988520569,1.6415282396880037e-06,3.3387295137201242e-06,183.01696376566267
2023-08-01 18:13:42.561944,DZLC392U,-6.320950618105673,110.10963798948534,2.3767011740275327e-06,3.071867470169047e-06,267.76480668880265
2023-08-01 18:13:43.063936,Q8UTNX5F,-7.313172181940672,109.2704493447072,1.9040121294601686e-07,1.2821153445445394e-09,340.6118868734094
2023-08-01 18:13:43.565899,FGWVJ21H,-7.017434837172709,108.65870577281719,2.67272954357708e-08,1.8798907383210134e-09,294.123871393082
2023-08-01 18:13:44.068200,RABXYU8L,-7.856549717440329,109.2748775418209,2.5820414158268158e-08,2.2103984909939942e-09,178.48059202638672
2023-08-01 18:13:44.570395,OMGEDY6K,-7.658779984433809,109.73942738874584,4.188832098647163e-08,4.449586039763592e-10,263.02140172450885
2023-08-01 18:13:45.047458,73J425VM,-7.159887806402393,110.24498000983378,3.504639784433756e-09,8.030899053843356e-10,9.416173505720849
2023-08-01 18:13:45.549557,LG8RIPU4,-7.44453858224692,110.91406182330223,6.112218155788803e-09,4.599015145242206e-10,266.4016541849971
2023-08-01 18:13:46.051757,W3ZJRPB1,-7.964841438172023,110.06378789097587,8.497458718290226e-09,3.419762710742689e-10,286.2930652891217
2023-08-01 18:13:46.553961,PN65LJ1H,-8.472873722558955,109.35264389883525,3.2265973890620985e-10,5.641162510917579e-10,228.24103561414745
2023-08-01 18:13:47.056125,Q6VGK2SH,-8.736771462100855,110.20408870297503,2.454920739808456e-10,4.9845204692560365e-12,15.406191889662978
2023-08-01 18:13:47.558224,W8Y7C19D,-8.560461512300407,110.17702067183188,4.2439525324166715e-10,7.876576029915923e-12,107.7618224776773
2023-08-01 18:13:48.060363,GYJVRUWH,-9.308779539349626,109.86028646449364,4.867483254945405e-10,4.931241141341615e-12,62.606814223903086
2023-08-01 18:13:48.562445,UND591BX,-9.294135879408548,110.07452997374986,3.8038220598642e-10,9.779748926647881e-12,70.68777555788472
2023-08-01 18:13:49.064625,X4UODEKL,-9.678310106627812,110.91983698847179,2.7020956614433993e-10,1.897160699414759e-11,178.52115786333883
2023-08-01 18:13:49.566715,M8UBK6VS,-9.780758461368311,111.64665546147016,1.9123547862475472e-10,1.8872844668750783e-11,203.76896430301665
2023-08-01 18:13:50.068711,SOTEAL38,-9.85281784084009,112.18087987526155,9.536932493458675e-11,2.3963323715484892e-11,34.139808769606645
2023-08-01 18:13:50.570761,1EBVQZC0,-10.47973166768349,112.57710815630554,1.7111964494234566e-10,7.735183019970517e-12,31.70041344978341
2023-08-01 18:13:51.047738,LCOBE0DX,-9.716209235219495,112.004176490438,1.389893436698699e-10,1.5352656284963835e-12,224.51585928612303
2023-08-01 18:13:51.549874,USFYQV73,-9.64233021356749,111.2877690302129,1.5217618071174518e-10,1.6107766494766057e-12,37.08525288619967
2023-08-01 18:13:52.052097,IA6LK120,-10.611607115011548,110.56618416014345,2.2565940957155912e-10,4.160213443163726e-13,137.02140724710523
2023-08-01 18:13:52.554187,7CFS50U4,-9.690608670386608,110.12138308026283,1.9662344205267507e-10,2.2915750707316207e-13,352.5498320525875
2023-08-01 18:13:53.056335,Y582X7DC,-8.910698466255571,110.55350292714996,1.9937793114282854e-10,2.676456852721736e-13,29.35600290531096
2023-08-01 18:13:53.558529,JMXSHL1R,-9.579804846430664,111.26397754144618,3.346448092641614e-10,1.9481594389081157e-13,227.42603412200026
2023-08-01 18:13:54.060723,6EMKW108,-8.621398271899828,110.69895197883703,6.660393717950468e-10,3.4130301074470865e-13,255.62896193965855
2023-08-01 18:13:54.562802,CEUY0T3P,-8.005289635475393,111.00195157045887,1.2006181402702175e-09,1.1686868199618243e-13,154.15548317426487
2023-08-01 18:13:55.064978,PEA6T47J,-8.917559220995374,111.52060246265411,1.4275315075671812e-09,1.4376638475901333e-13,196.14407247514515
2023-08-01 18:13:55.566871,LEVYHWBJ,-8.200703118874776,112.21303510132206,1.303634886402922e-09,1.635953904561187e-13,338.1341960453177
2023-08-01 18:13:56.068742,CAS594JG,-8.952849821192045,111.37006668046149,1.8916910734316106e-09,3.02484178270341e-13,328.3891948827908
2023-08-01 18:13:56.570904,0RL3MCA6,-9.133517853755103,112.30644629244195,2.798193437498422e-09,5.982952100374339e-13,332.4327539674791
2023-08-01 18:13:57.048004,21Z596RM,-9.496569612735508,112.29076479549586,5.113515275702739e-10,9.54102310111109e-13,85.66826302555495
2023-08-01 18:13:57.550082,XAMJ71SK,-8.974217103132695,111.64768301364904,2.0709481259737212e-10,4.486935457141337e-13,50.56044841686344
2023-08-01 18:13:58.051979,672BPHUW,-9.358956636583908,112.28562515566082,2.3603631032788266e-10,4.0914042672300626e-13,57.59922122485654
2023-08-01 18:13:58.554147,WGTNDE1L,-10.069532303311973,112.50856173188046,3.438142018091741e-10,7.916869750648357e-13,98.62897057033993
2023-08-01 18:13:59.056314,6CS3VBHI,-10.808463671491621,112.8067582524545,6.086473225786179e-10,5.273556644670958e-13,219.47896405294173
2023-08-01 18:13:59.558445,7A3SG2T9,-10.04462909777282,113.1939453541384,6.886713433504598e-10,9.841090249102024e-13,323.83283654959297
2023-08-01 18:14:00.060438,ARXT251V,-10.100081452835028,112.43879158646462,1.0388750320403988e-09,1.4428584863853086e-12,242.97603687665492
2023-08-01 18:14:00.562539,U32OTX46,-9.864283460379873,112.16611984545266,2.032800312854216e-09,1.9021464145906803e-12,223.94048862904037
2023-08-01 18:14:01.064631,MPV0ESFD,-10.63797258557176,112.49420307934625,2.6520478209221463e-09,2.666357046462457e-12,59.99205397580829
2023-08-01 18:14:01.566725,KWYVIE5G,-10.989256657531225,112.81152332269467,5.17772752323772e-10,3.5265230460396474e-12,60.78826219966147
2023-08-01 18:14:02.068858,B6QUIFAN,-10.768881090395682,112.5851423168413,3.597499562032389e-10,5.30048804829803e-12,229.96244210038415
2023-08-01 18:14:02.570924,3CK5EVX2,-10.373445025576405,113.15758167638877,2.3895921488270402e-11,1.577803302044588e-12,279.0340718845983
2023-08-01 18:14:03.047933,UC5OPWJ7,-11.11305749019979,112.72604141777899,1.1075904661943695e-11,1.2524357334430753e-12,39.82970165316533
2023-08-01 18:14:03.550025,K7VBJW0T,-10.95921108419819,113.26066266188258,9.351037109541982e-12,4.509290739237783e-13,274.5484402338117
2023-08-01 18:14:04.052084,EVQWOX13,-10.17355690120914,112.87924008404434,1.5398127432886424e-11,8.915752106939639e-14,67.13588356724915
2023-08-01 18:14:04.554177,TP06G5BI,-10.404637581781003,113.01488812878652,1.934069305809917e-11,8.680185270057207e-14,181.91333186575085
2023-08-01 18:14:05.055995,QAX1W3MV,-10.28166160799043,112.40293810915938,1.4035827178727172e-11,3.2430948039311072e-15,47.11145655476389
2023-08-01 18:14:05.557869,ZO32M91H,-11.017697108639089,112.22491996652809,1.8380325667212967e-11,1.3261064994995573e-15,129.24903762929256
2023-08-01 18:14:06.059418,NMLI05Z4,-11.809722607212237,112.03118610876567,2.8464173586122517e-11,5.183591434688454e-16,296.54712881433886
2023-08-01 18:14:06.561135,DHTV92NY,-10.966904891073083,112.9986966195729,5.0768297648330615e-11,4.121604460623105e-16,345.9530689152131
2023-08-01 18:14:07.062753,JRC5L46B,-11.740816170380679,112.81584027970042,1.335475570056835e-11,4.918165071612034e-16,287.70701283631706
2023-08-01 18:14:07.564867,85HQOF29,-11.415203712099421,113.74060954557443,4.353962474463834e-12,7.935724527069188e-16,155.38810248844925
2023-08-01 18:14:08.066846,CLODV7AW,-11.216447282832505,113.8704197011961,8.304376450519404e-12,1.4746023705793944e-15,233.2753246038452
2023-08-01 18:14:08.568338,20HEB9P1,-11.456255903204598,113.86036752678615,7.594216460587887e-12,2.2259800282552684e-15,37.504664138159455
2023-08-01 18:14:09.070114,A1DRSC76,-11.729815135722694,114.54202963111487,4.283054701040356e-12,4.39164027977176e-15,147.64077737403278
2023-08-01 18:14:09.546844,QN45CAKM,-12.536014611566843,114.52645225971723,3.5691656348990515e-12,7.364504641408066e-15,246.84323947366846
2023-08-01 18:14:10.048863,2CUI5786,-12.193998225296404,114.40726943987144,6.133634728385708e-12,1.9936358215799777e-15,107.30089994349999
2023-08-01 18:14:10.550845,6HB5NXY3,-12.884870350804801,114.30176252852006,1.169996447085345e-11,2.503069751198298e-15,244.1132671485783
2023-08-01 18:14:11.052952,49C0I37J,-11.986041501560992,113.3708987668438,9.561533468162243e-12,4.4690629070081215e-15,34.18210003748993
2023-08-01 18:14:11.555041,Y69ED30T,-12.560145285825637,114.31177350172628,1.3199774480512847e-11,7.183050366613537e-15,350.50575628697374
2023-08-01 18:14:12.057167,F0HEW91D,-12.537622009995031,113.7378059367775,1.725364371552036e-11,4.627028350424729e-15,145.26926886438127
2023-08-01 18:14:12.559228,0ITRO4L3,-12.839232786234273,113.11547721214964,1.8025047453612023e-11,2.781340009581261e-15,152.36059818409396
2023-08-01 18:14:13.061341,WYB1X63G,-12.697554326747788,113.66472228210176,3.048718263732984e-11,2.64105694774529e-15,225.58228162572675
2023-08-01 18:14:13.563487,84W9ECQ2,-12.884079039398582,112.6727711199104,3.08538628322624e-11,1.2331730842107586e-16,350.1422785384137
2023-08-01 18:14:14.065570,DSQAUO3C,-13.156283548468732,112.0879745145389,4.1937491302789165e-11,1.0473920907812642e-16,162.5562239383106
2023-08-01 18:14:14.567610,G3VFPNZI,-12.432921675152771,111.5886093068213,7.6347270311816e-11,3.395811543206816e-17,149.8214488276783
2023-08-01 18:14:15.069641,4JOHIQ5V,-12.812137430912182,110.59840047732611,2.3658282058382552e-11,4.259949684758833e-17,281.1818213520937
2023-08-01 18:14:15.546419,FIVOU2WH,-12.985133012236645,111.03894903044313,3.305065500877411e-11,8.171063396491455e-17,296.28968693405926
2023-08-01 18:14:16.048438,86PIET0V,-12.598061326393976,111.95724048889896,6.013154159274553e-12,6.143810664990415e-17,274.23032403715297
2023-08-01 18:14:16.550447,J4NDXUT9,-12.976774514171789,112.21759486541386,3.807088626509098e-12,1.1222774763100955e-16,15.446193414797563
2023-08-01 18:14:17.052645,OQ1US40V,-13.647077504851271,112.36190770931532,3.3472918741706996e-13,1.7852685420812157e-16,36.53458271800218
2023-08-01 18:14:17.554766,09D51XJE,-13.448970340603058,111.36226502175121,4.952102775546094e-13,3.397103112466973e-16,230.9362391897744
2023-08-01 18:14:18.056942,AIBE2LDJ,-12.509200157296942,111.61059009267198,2.1556021693825117e-13,4.607649397769064e-16,221.7857642033399
2023-08-01 18:14:18.558933,W0AFRGPX,-12.967177753490642,112.4457578406163,2.657077888068288e-13,7.030425883096171e-16,166.74002122706838
2023-08-01 18:14:19.061158,E4QXFUY9,-13.614314520358905,111.67496602039215,6.775260544266693e-14,3.410019319647606e-16,104.36700880869807
2023-08-01 18:14:19.563300,RM8X1Y4I,-13.642401129896236,112.35665172814751,2.217502549869375e-14,3.353762474096539e-16,39.025080725080954
2023-08-01 18:14:20.065434,BHU5R9I1,-13.852449919704288,112.7359344119738,5.102357571956159e-15,3.031378661257052e-16,351.7295807449556
2023-08-01 18:14:20.567459,LG218F4V,-14.285560330295594,113.25761786010183,6.526849809560546e-15,3.9683244191779125e-16,54.89535636752839
2023-08-01 18:14:21.069635,SOKQE6IU,-14.69775190257132,112.43148658321165,9.024563803869466e-15,1.7246119509236854e-17,344.49944708404325
2023-08-01 18:14:21.546716,JN3YHF6L,-15.34120132688482,113.12907176176152,1.573268305058458e-14,4.08922602461586e-18,189.63488413243033
2023-08-01 18:14:22.048839,MCQSWZ5P,-14.700352089549302,113.75715420229278,2.0819157032580634e-14,2.6148592427172073e-18,246.394223576366
2023-08-01 18:14:22.550911,VG14QZUC,-15.370526952737471,114.6048708979293,1.4885365225376518e-14,5.075565729534026e-18,175.63076316164825
2023-08-01 18:14:23.053058,NOQH763J,-16.268837331879226,114.92274885223924,1.1320588275417464e-14,1.175163465499021e-18,161.08247970504203
2023-08-01 18:14:23.555182,9CUBONT7,-15.411714914158784,114.71810168042315,1.0011309289829755e-14,1.4110555284799503e-18,209.34750998112636
2023-08-01 18:14:24.057364,5RFQ976Z,-16.012016148111094,113.84690777444659,1.9538059989098473e-14,1.9218384047234935e-19,322.78335809216316
2023-08-01 18:14:24.559675,ZXTEVY4W,-16.65625303812292,114.56230761401504,2.7391834417304202e-14,1.6287557376748727e-19,224.60176347303673
2023-08-01 18:14:25.061844,XM9SUH54,-16.824284735952773,113.94002533709367,5.1404802357757004e-14,1.1257634287260877e-19,250.44407489163657
2023-08-01 18:14:25.564029,2AGN5MI8,-16.717110046732518,114.29436978333523,6.564607344229869e-14,1.8989372638373553e-19,356.94647503964995
2023-08-01 18:14:26.066229,0TI1YN2C,-15.914044495956574,113.383032217895,8.010326707991528e-14,3.323785315018474e-19,348.5950020459413
2023-08-01 18:14:26.568419,9C65YFM1,-15.086530403597859,113.06208873759645,3.837465227091685e-14,6.104739528660779e-19,349.9367270697403
2023-08-01 18:14:27.070613,2QIVPCR1,-15.612895632316095,113.90474722595582,5.819704863456069e-14,7.651156967630887e-19,67.63224326341935
2023-08-01 18:14:27.547687,OT6SI7KG,-15.001872198748867,114.12348231830002,8.378464740650815e-14,9.14458626488859e-19,55.3263998249962
2023-08-01 18:14:28.049808,NBP4Q103,-15.075080751291313,114.69514533547508,1.596043224174605e-13,9.868739309299298e-19,5.886130401668197
2023-08-01 18:14:28.551988,NBFM7KQU,-14.084696338084457,114.1360261963056,2.1497864066059783e-13,6.635848010842708e-19,54.25906585268803
2023-08-01 18:14:29.054210,UGYI762S,-13.499025562378687,114.78515639310814,3.6956643599680454e-13,6.624749062937857e-19,149.40129645355586
2023-08-01 18:14:29.555916,YIEBKFU3,-12.903164122658602,115.1932044330648,3.948603825424286e-13,1.0050038022309082e-18,170.99538631086946
2023-08-01 18:14:30.057818,IPV4H3XK,-13.621188799028912,114.82403997600899,6.555673286730731e-13,1.1676187407707114e-18,123.60004606278369
2023-08-01 18:14:30.559650,BNAOYEG2,-13.127837140995616,115.39947321054453,1.2553539783924769e-12,2.1127009013389995e-18,351.4948553703297
2023-08-01 18:14:31.061777,VRMJKPXZ,-13.017998905771247,114.7679687220032,1.8540106671494623e-12,1.2649683389492705e-18,247.70111803992995
2023-08-01 18:14:31.563821,UF3CZTRK,-13.885665634193236,115.71034113048614,2.1343334558887798e-13,1.4159720061131122e-18,40.174712550635945
2023-08-01 18:14:32.065979,C68B3DO4,-13.275243195315165,116.28254786755092,3.853098164530604e-13,2.0567529718843174e-18,342.47741555825877
2023-08-01 18:14:32.567987,RO24NIXZ,-13.26941913971803,115.29162867041654,5.557789699318889e-13,1.9340806922353745e-20,34.883256544285075
2023-08-01 18:14:33.069851,LY0GZ74C,-12.89923304679523,114.58818998151149,5.282781888250371e-13,2.1270548568507245e-20,313.3094014709906
2023-08-01 18:14:33.546795,379VHLMD,-12.8161063646176,114.67641075583899,9.441521560774735e-13,3.159297665746393e-20,153.18022414774373
2023-08-01 18:14:34.048975,S3WTQAVD,-13.546801171926033,115.24023129670834,1.252744932676595e-12,4.018073904420555e-20,163.57645592137715
2023-08-01 18:14:34.551156,6V1SCX09,-12.613775057149597,115.5049523030701,7.01072216086746e-14,4.4623240853291506e-20,139.3578391717645
2023-08-01 18:14:35.053337,O2JA1P5G,-13.03588446265986,116.290749577691,8.925429855883161e-14,7.845027097321192e-20,357.4628243703372
2023-08-01 18:14:35.555525,WPMDBV0A,-13.130535412151078,116.56188393017102,1.7128807061677177e-13,3.8528428344208355e-20,141.78018176146747
2023-08-01 18:14:36.057625,CPWEKO9A,-13.614979585535295,116.22458409027885,1.9905391199979777e-13,3.148322243887957e-20,98.74757339643207
2023-08-01 18:14:36.559696,SU63H4GV,-14.252193286749689,116.63762046414558,3.7742265198150125e-13,1.0159194336291814e-20,328.23447429217754
2023-08-01 18:14:37.061754,7C2R1VFA,-13.625990243540672,115.96820201667428,3.481079092341088e-13,5.475930255009548e-21,184.57113047605685
2023-08-01 18:14:37.563956,6Q7YVS5M,-13.691257877880734,115.04778572189421,4.373971707837726e-13,7.098311474492182e-21,109.62413610173041
2023-08-01 18:14:38.066092,FGXYOVHI,-12.730512737672802,114.23596067218216,2.6370063600499766e-13,3.03054278801837e-21,174.36617151851124
2023-08-01 18:14:38.568124,7RBHPVM0,-12.175216304666726,114.40701218028865,3.7288023427848175e-13,1.5812342957044584e-21,194.0566055781166
2023-08-01 18:14:39.070208,8G6S1M3Q,-12.302072013772055,114.57995419291404,3.655143231369634e-13,2.3787562214206653e-21,128.19307962259847
2023-08-01 18:14:39.547372,PNO5VZF4,-12.84705412600944,115.47093572346157,5.23741401644439e-13,7.079683922109396e-22,91.47928366326374
2023-08-01 18:14:40.049313,BCSFWUDG,-13.292637556696267,116.31522924700526,2.3399049215790267e-13,4.0120051421168174e-22,341.8055402897445
2023-08-01 18:14:40.551118,69DEB0XF,-14.171466124734227,116.50319322242802,1.3928808692284547e-13,3.7926758750331737e-22,72.6013203239641
2023-08-01 18:14:41.053225,7HYA3F5Z,-15.077513962847716,116.41259291161249,1.8307615743466015e-13,1.4347272436632803e-22,284.79399619933326
2023-08-01 18:14:41.555373,J5YE6AOX,-15.563186388431482,116.27342961798192,3.661691154135902e-14,6.978249558294765e-23,129.23198682421446
2023-08-01 18:14:42.057487,M8HLR6IO,-15.712837014887043,115.78991254759434,2.3848558379421334e-14,7.56400329068588e-23,87.19861655427599
2023-08-01 18:14:42.559517,Q07W4DUI,-16.033045434486308,115.85988955309787,4.299044115321418e-14,9.188383530542381e-23,192.24468228399917
2023-08-01 18:14:43.061534,HK4FXAC7,-15.384454599325826,115.80827538768446,7.312016228557714e-14,7.482671408847255e-23,284.0320495297446
2023-08-01 18:14:43.563646,VOW8XDPT,-14.837115066465529,116.31595277783289,2.8831523972088554e-15,1.3642174336347425e-22,129.9408096300259
2023-08-01 18:14:44.065800,PQZYLN95,-13.944428901398794,115.98500809249798,5.557367706972633e-15,1.2414812501287964e-22,203.7946784050515
2023-08-01 18:14:44.567867,7V29SW80,-12.995035914832993,115.31523770349209,7.748175640271151e-15,1.026742722044786e-22,264.7027320498433
2023-08-01 18:14:45.070095,XTFKH5ZG,-12.226312047579144,114.65274721867682,1.3612740732084466e-14,1.7816537921058908e-22,151.07762775297618
2023-08-01 18:14:45.547167,51HCBTQ0,-12.552231930271715,115.54679137062116,1.6380576064833807e-14,2.5316839635556773e-22,172.046416783681
2023-08-01 18:14:46.049316,C6JMZ8NE,-13.512151902049823,114.54817148123381,1.5979548084566124e-14,4.972678751706705e-22,325.02232745507575
2023-08-01 18:14:46.551433,XT8KWL02,-13.272374037165447,115.3559902154328,1.4316958629842962e-15,7.863152742396046e-22,319.6922977467956
2023-08-01 18:14:47.053594,6QZY7XFO,-12.272535001298085,114.6992186636615,1.0458755411924707e-15,9.928619485357966e-22,110.24663336335186
2023-08-01 18:14:47.555832,S3QNF580,-12.615321165505874,115.1828207304001,1.2620542138534306e-16,8.618217549823818e-22,274.0816452931506
2023-08-01 18:14:48.057951,XU0YSDBP,-12.975193698325324,114.67095658883748,4.205161871448884e-17,1.5235122757178819e-21,222.49230257180716
2023-08-01 18:14:48.560063,A1NGUWSI,-13.377181274034575,113.76378116996689,3.306317637052214e-17,1.2470812412544175e-21,281.3685818743387
2023-08-01 18:14:49.062159,8LWTXKD9,-14.176799915652683,114.59132124664434,1.7895023941817727e-17,6.624276479842807e-22,351.98075892077753
2023-08-01 18:14:49.564201,ZYFS2Q0D,-14.933886506139505,114.95680031942234,3.3600636874216294e-17,1.1746873270062797e-21,228.7840573121664
2023-08-01 18:14:50.066323,E94WSJUP,-15.262458725705542,114.06600361283203,5.4710717342443313e-17,2.0831649763479325e-21,317.1254360679451
2023-08-01 18:14:50.568329,0UQIOC82,-15.259859930529036,114.60502301101415,3.3219253692002705e-17,3.414611296489726e-21,289.11615168041465
2023-08-01 18:14:51.070479,B8ULWOHM,-14.780924087530366,114.46183260934218,2.6465936526012776e-17,6.5841496609107435e-21,222.46654436983158
2023-08-01 18:14:51.547501,8G1DM0S6,-14.01981148524081,113.50247114131247,4.950311564259243e-17,8.631194202450263e-21,205.9778166622043
2023-08-01 18:14:52.049645,Z1TUK3O4,-14.648942903345635,112.82961182361122,6.679544212382656e-17,8.664543858450705e-21,350.176042846512
2023-08-01 18:14:52.551819,3HA8KT7G,-14.018651575870049,111.89197495007117,1.0198588676905356e-16,8.820919162044858e-21,159.19588067565928
2023-08-01 18:14:53.053891,V1FATL69,-13.248632185689639,111.27533049533143,9.073878983555065e-17,9.349095460916248e-21,86.03215412627947
2023-08-01 18:14:53.555956,GR3WLJ2A,-12.781889686991255,112.2748023484209,8.50646335113765e-17,1.4884863774297695e-20,4.5063543158921675
2023-08-02 11:34:19.530637,1M2YVKG9,0.9523982474872874,103.13366004124043,5450.0956045171715,60.251849312285515,128.06003658414005
2023-08-02 11:34:20.032689,RDME98SX,1.6579584779377932,103.87207099990252,7152.019033076542,34.05286240849466,198.90375450631166
2023-08-02 11:34:20.534276,U8M5ZJ16,0.8996891272682286,102.88023668180283,14185.545388381683,21.065204380729018,220.76589135447128
2023-08-02 11:34:21.036371,VSL71EPG,1.2899117897702241,103.87129815418116,9927.110476544147,28.823617934262124,170.8037231959628
2023-08-02 11:34:21.538543,TMGXCI32,1.0664336503007386,103.10213978236307,13336.135601779688,29.63045890800509,350.9805328311031
2023-08-02 11:34:22.040556,GBCH6XKM,0.11674703006362508,102.37045145162732,19312.919631582936,34.75000593140035,222.74784069999646
2023-08-02 11:34:22.542774,BN37XD9M,0.8211663288739726,101.50192964909344,26777.35947650147,51.91452293355682,244.55533846579195
2023-08-02 11:34:23.044939,U325G8TS,0.27406792738385954,101.16352981975135,32294.68699600797,56.447394061721226,290.22980866901145
2023-08-02 11:34:23.547126,I9MXVBZ8,0.3225610600002564,101.45492612066113,28966.90812555822,58.71582411835771,162.60808118748764
2023-08-02 11:34:24.048999,VI8N2FKM,0.5574844875398477,102.20111982411743,23516.2045371436,106.32144094133983,346.9712966750926
2023-08-02 11:34:24.550723,BVS1KHT2,0.8849685506765428,102.74086248898521,6342.35135192543,80.65479430874824,289.6731732656792
2023-08-02 11:34:25.052443,LRM48IPS,1.5691146601377783,101.77746588931792,7213.843852812341,56.92648051730266,2.1095156619894624
2023-08-02 11:34:25.554270,NETDMO4W,1.8773711885035291,102.59226455032253,1830.9487065834637,82.76579494609055,344.1664041997715
2023-08-02 11:34:26.030836,0O5DASIC,1.0466061317343587,103.44662307413778,3638.460892742387,4.464438632848072,260.30861948933784
2023-08-02 11:34:26.532884,J7M6LA4F,1.5466902303857204,103.80528528260997,4718.449396255298,4.3819044513370375,142.1527161299523
2023-08-02 11:34:27.034996,XG7ID2BA,1.0929262063911,103.62317287251201,9087.360942718356,0.92024033049058,222.26629227543927
2023-08-02 11:34:27.537168,SR7VXM6T,1.7193548901121352,103.31537217887575,16969.1275179231,1.3661065616008428,307.6333517227256
2023-08-02 11:34:28.039384,SA2BPC9O,0.7849128471345799,103.69971744925914,9577.619015773162,2.1575708180602615,92.97737983986099
2023-08-02 11:34:28.541532,K2GH74X6,1.261822542677145,103.13396803079482,6831.396058020943,3.961145953041235,261.44634629332063
2023-08-02 11:34:29.043582,BYRDT3JA,2.247704215554798,102.6302466111928,3723.676562645654,3.0775691627669395,92.39371664709267
2023-08-02 11:34:29.545769,PANB9IEX,2.0197984295807094,101.64127680276029,3614.0192938500104,1.4194637755937705,358.0776130153584
2023-08-02 11:34:30.047904,CTLM1QIV,2.6572687479113615,100.70319249754716,3661.4387315931476,1.5019881645064719,326.3921169639691
2023-08-02 11:34:30.549987,O0VYIR6S,1.8895026930680516,101.31458692913331,1184.6370572374358,0.9086575704765832,164.3836000180952
2023-08-02 11:34:31.052091,AW6IF3CH,2.5295298830824975,102.05254206853029,532.1131049525574,0.833106069940669,313.20732340210895
2023-08-02 11:34:31.554169,BW2FR9CO,2.858478448876003,101.59414229193743,943.0561868176331,0.3699668544392122,138.13223791977208
2023-08-02 11:34:32.031278,FVB0ZGN6,3.7422846671519268,101.41240815720515,934.6238162641333,0.32127524307851607,344.771859036543
2023-08-02 11:34:48.864243,UZJR3V7X,2.05972527410721,103.80037111438789,951.100714258554,218.33877915143918,184.96803592461518
2023-08-02 11:34:49.366782,A8YLGDZC,1.3546210150368196,102.89488328532926,1178.2993504990554,74.8697430153479,218.7048197788984
2023-08-02 11:34:49.868960,NUK78IAM,1.6582310137979948,102.17321942604367,1478.764577379503,127.62743098174847,295.0994753350998
2023-08-02 11:34:50.371142,4EKPD8JA,2.077394789321466,101.52772817469193,573.6029330977037,33.00542244790502,229.99183456374885
2023-08-02 11:34:50.873218,GSCK5HZB,1.0939377415701592,101.93545932555784,212.29191927855868,1.0810759795032823,208.578173226201
2023-08-02 11:34:51.375355,Q5IPZFU2,1.6039170278564374,101.35220707062747,228.4385752257,2.1051222137968897,330.1453709045417
2023-08-02 11:35:24.452327,4LO8395I,1.9309103887311716,103.71801691005665,8483.733509145228,209.4617491641281,77.04356140522243
2023-08-02 11:35:24.954496,1MVY8CZ6,1.5654402957793976,104.6133588329313,3917.632448865681,332.04473290436164,79.9865337040142
2023-08-02 11:35:25.456488,1R79BQDX,1.3920095984944474,103.67103692276038,1421.5709869510792,592.220280693769,249.34677691249163
2023-08-02 11:35:25.958443,KET4YZP3,1.6034230208976037,104.60293808735533,2120.5169910743525,391.0776054875564,68.80753689811996
2023-08-02 11:35:39.986190,W5M2HQSU,1.3347670811756502,104.36134725392402,1386.947542639391,247.05602959293364,119.53066438707509
2023-08-02 11:35:40.489269,C1MBLNVD,1.7655274899037043,103.7550612667077,118.84240977530658,427.8309330388413,246.5178589923727
2023-08-02 11:35:40.991406,X4K621WE,2.382982406340571,102.83011473839014,144.95376618105468,418.5122418852167,250.35329677114836
2023-08-02 11:35:41.493451,894LY1MD,3.101851864851176,102.2407370105587,38.221723478202506,21.03559701948336,211.5219720235117
2023-08-02 11:35:41.995554,3CH1M4KZ,2.472930714148239,102.5937696877734,33.73361143540015,20.818109872430046,272.226339040375
2023-08-02 11:35:42.497703,YTRZW9UF,1.6722013877488835,103.54716793752104,16.53775271557271,9.599748570870357,131.73833092927578
2023-08-02 11:35:42.999862,E96FPMXW,1.255613807866418,104.43094910041418,20.995396064221133,13.641801247722835,154.209178817677
2023-08-02 11:35:43.502025,TVFR61QK,1.2890373407670368,103.58153240840272,41.210317204232105,16.508254492440948,309.1963292705529
2023-08-02 11:35:44.004016,LD36PTU5,1.0556966507478944,102.67354372609924,59.35361525238032,5.02755115350258,281.78143105396225
2023-08-02 11:36:01.707900,UW3RF05M,0.3564925185471781,103.29881697748165,1032.3003420564328,131.8341147321367,319.8727362000475
2023-08-02 11:36:02.210557,PYX2Q1HJ,1.1891683449328567,103.9515046680292,1249.8271188649708,169.50471569464597,344.80367708279584
2023-08-02 11:36:02.712699,7AZOS2KL,1.2846182880775745,103.18148368734519,2454.785870940364,220.14359716532843,328.7934735123848
2023-08-02 11:36:03.214632,76H49FTD,2.106649712623941,103.57745626300873,2762.8713869792737,343.59882805379306,212.99046751281992
2023-08-02 11:36:03.716687,NOBSP42Z,1.1288546415137761,103.0998699433878,5004.450566199399,611.7736144435884,30.768022945137602
2023-08-02 11:36:04.218714,SGJ6AVXR,0.3054926724569782,103.9988790867211,1353.0095082023327,408.50758768123865,148.04599252021166
2023-08-02 11:36:04.720705,MIG4QRYF,-0.47175823780756687,103.19473847298569,875.9434728182905,528.779936122434,306.8234836989916
2023-08-02 11:36:05.222759,5VDMUWGX,0.4406084738931386,102.31482564132858,903.6000917024487,1025.030237702186,96.33641475556641
2023-08-02 11:36:05.724828,A8ETSH90,1.4294680880366029,102.27432737095491,582.7740584878891,458.4530606031209,252.49131420201468
2023-08-02 11:36:06.226842,IX1AP56G,1.7323187256133505,102.04441413374943,605.8928657147848,324.9147935378026,152.30619750644075
2023-08-02 11:36:06.728946,3D8CKJQS,1.5792443396301823,101.89498603734518,201.05128487135386,369.5963202916026,290.23697983819545
2023-08-02 11:36:07.205887,UYVAE57Z,1.3324184430602133,101.05941316534064,330.5827413710508,237.38106306664702,35.71647240748746
2023-08-02 11:36:20.199053,GX0H85ZN,2.0380860017683884,104.68790571182458,2511.128127450904,40.625080290999094,124.73090633453937
2023-08-02 11:36:20.702132,O8QD12PE,1.5537914133347723,103.72130799555009,2441.7170298762508,58.1498552129934,63.566270653530296
2023-08-02 11:36:21.204242,P3OIY0T2,1.7132818519997366,103.5748205635738,3349.6304087330304,14.303372809405673,317.06286110788426
2023-08-02 11:36:21.706404,GYJLP75I,0.7401694956688476,104.32847212837112,5270.871076440372,17.359528156857607,314.1352537677842
2023-08-02 11:36:22.208527,YSILU096,0.1789217301620447,103.97149544044234,2270.288874802661,23.535179188848712,267.2482010503534
2023-08-02 11:36:22.710655,HA4N1DU7,0.45288705618690495,103.46864937739343,1653.5142116746513,22.402188706864344,155.54953479520316
2023-08-02 11:45:33.578045,COIWZYQJ,2.189534051029752,103.92865144568835,435.9500680552428,262.6335318439691,190.99577664774975
2023-08-02 11:45:34.080456,Y3695FCW,1.7351083208393085,103.64446533320559,392.82631599161095,439.2203745088758,197.89564881627155
2023-08-02 11:45:34.582048,D93E7YLV,1.050776354697582,104.16740438282106,239.3881739598908,574.375549829722,141.4401406896016
2023-08-02 11:45:35.084206,HLS1D9M0,1.3939944877516979,104.02920822934996,457.25614018023634,76.36290845448434,113.62785480943518
2023-08-02 11:45:35.586433,A7UGXBW8,1.9404468394641126,104.3036393639024,659.817027842468,37.19299200361563,131.57543367360157
2023-08-02 11:45:36.088608,AC0BMS23,1.1676812067068991,104.93527517062726,817.366795266083,17.12720085849997,187.61062360373174
2023-08-02 11:45:36.590740,PF402RDM,0.7554094500335633,105.30113859693256,790.6350283509373,17.328858995142447,10.50616660961714
2023-08-02 11:45:37.092875,X6EP5CQ4,1.089540464070414,106.15800809197448,1325.5575850485423,31.13850610236882,167.22846147814926
2023-08-02 11:45:37.595013,6X19H83Y,1.2965828232992216,106.08298944717042,652.8648410914451,35.154239438119454,150.90924863100105
2023-08-02 11:45:38.097047,G4TDJWXP,0.9078480721796343,106.41513264145215,566.1173722614976,60.29714830750311,88.56062969321613
2023-08-02 11:45:38.599128,DW5AEFJC,1.3461362211657824,106.46112239830313,788.8188720281391,89.77806148602266,303.22573563976107
2023-08-02 11:45:39.101119,2HS9M4E7,1.255775017906249,107.34597766622763,995.4548843060069,154.95158272051992,327.53929467560397
2023-08-02 11:45:39.578158,G152Q0Y8,1.1437569749565906,106.66560001359268,520.2112595644988,278.5849246849541,147.9689755378198
2023-08-02 11:45:40.080270,PHF8VSN7,0.5864267672031938,106.92242389600456,416.6559866918267,254.86672431972207,300.8714554557778
2023-08-02 11:45:40.582285,UZ93EFTI,1.1673772589951275,107.210985690172,268.9708629785396,234.53887037912654,246.58704224327357
2023-08-02 11:45:41.084105,XQTJO8GL,0.17275608039753654,107.83624617302273,354.53092805008595,114.38675444791198,45.97899900037339
2023-08-02 11:45:41.585989,3GV5LSDF,-0.14032083379413685,107.85032184253247,300.61131477996054,5.021344875943839,252.15320927046977
2023-08-02 11:45:42.087953,P243GHXR,-0.28067266024486504,107.90549681872382,314.4317629256324,1.6309190440221402,25.318895966156788
2023-08-02 11:45:42.590021,QHNDBLY5,-0.8732507674698877,108.09834861708282,241.97878660786031,1.2549209543383506,334.80199990052404
2023-08-02 11:45:45.236114,4WDJ9OKQ,1.1793361125873383,104.02734926499608,1514.4929427060306,206.5113502251249,30.007012376061873
2023-08-02 11:45:45.739175,K1IXV2OM,0.4358087424835,103.62784699455065,2620.239835007076,224.99207965598623,133.39821789080418
2023-08-02 11:45:46.241302,6DSVQW4Y,-0.08888120971486768,103.14812943869568,2773.893473589186,273.64545265489585,310.040044757533
2023-08-02 11:45:46.743267,WFHI7UQ1,0.2744036346047811,102.73116161127442,5048.394301300845,378.41119732480803,85.19904013032226
2023-08-02 11:45:47.245304,25VW9AY3,-0.47358320775105534,103.63387471657356,1198.3866650202108,575.4377267329946,195.14658203109258
2023-08-02 11:45:47.747418,8EFYP60H,0.18453578091182776,103.45955774569195,582.2077952668427,1037.4053642645858,12.649969791419835
2023-08-02 11:45:48.249472,TNZX2YRK,0.1464086902757471,102.62850826075328,11.658961298362101,2057.310347831269,65.41384691452696
2023-08-02 11:45:48.751632,BCR0S2HV,-0.21173669712902954,102.68213996811419,20.95539769556174,3285.4911195569166,223.03589570558648
2023-08-02 11:46:14.152267,B3PVA6JH,0.8785366689888596,103.47842424051906,3611.396038961101,141.92366118567398,228.25005716334522
2023-08-02 11:46:14.654406,04NASQLH,1.268777957262688,103.01542179487456,452.02488708288183,157.37359716077736,196.65242431093156
2023-08-02 11:46:15.156496,EOQCM3HZ,0.9948864523364023,103.04253231832317,366.40351216613107,217.56792361279665,299.40915865345164
2023-08-02 11:46:15.658649,8JU0CNW2,0.013732132253641893,103.24965003354676,74.84694971053574,358.4618948930494,225.7649301540756
2023-08-02 11:46:16.160655,7PHA8JV2,-0.7140107973634211,102.3720682435079,84.05708587268337,232.14947644950988,303.805513590645
2023-08-02 11:46:16.662825,9EJQTVLP,-0.3729156868429955,103.22673527572323,106.3410577313909,340.90389519509006,221.46468662603752
2023-08-02 11:46:17.164948,7MDOHXCQ,0.10737916248404433,103.54309830502037,150.1925408283114,621.5194970375444,233.61805523640675
2023-08-02 11:46:17.667139,IPQC7OKG,0.9654961648106817,102.6659064301561,237.40984102260444,758.4194060315066,126.52436614033286
2023-08-02 11:46:20.388212,6HE28XRB,1.771755617043089,104.129007518536,253.83185500158652,134.41094430439534,97.95118230062344
2023-08-02 11:46:20.890339,P9T4EFK5,2.4248457075305376,103.61465557485843,418.1361298282776,116.92719974633529,335.688629784291
2023-08-02 11:46:21.392439,AUEM0LHC,2.468322753063191,102.97357184924348,548.8402956585546,141.73730859359245,99.89787396852569
2023-08-02 11:46:21.894513,FYRP5LAQ,3.137381758322966,103.8510293160533,575.2169731617099,145.53964899192212,105.11680501041492
2023-08-02 11:46:38.242370,WRBTQ3PY,0.9334250531635309,104.25107427350066,4471.070939488759,16.315205028301975,108.79215732063109
2023-08-02 11:46:38.744579,1HAJMS87,1.0501323998924286,105.13673408920566,1049.6405344004734,31.27594695191688,86.65825523884831
2023-08-02 11:46:39.246651,H63ORJB1,0.9105260887854942,104.91831205234104,1987.3348657787913,11.109551848775421,286.8620662338401
2023-08-02 11:46:39.748766,2DN54XLA,0.6828400046981138,103.98374934180106,162.04513230289785,18.55128805227482,79.7463410910184
2023-08-02 11:46:40.250884,9KI2UJZG,1.5741522365817286,103.93810020049094,149.87412932118391,20.05573815181486,64.6297309252277
2023-08-02 11:46:40.753097,TMN86HAD,2.251809138830439,104.00973759168242,113.80553575755462,0.8681960845338601,231.697228100786
2023-08-02 11:46:41.255162,4X6GMNAW,1.725524066685984,104.45718280262845,81.27155768072647,1.622300815304409,16.123276070021973
2023-08-02 11:46:41.757214,EK9AC6G3,1.4991712688273735,103.62228783782376,102.32732536622177,3.241882180737812,240.23458776832948
2023-08-02 11:46:42.259341,JPSKN856,2.377950663782019,104.41364269618059,164.44711796300933,5.199534792679293,263.784736889841
2023-08-02 11:46:42.761377,VOXPDUCT,2.7225594408181784,104.84234357367208,279.7557187727134,1.65823992892867,257.8151448875208
2023-08-02 11:46:43.263505,OZ92FRAK,1.9548900853500273,104.11027192216655,478.50440865182,1.7140857576560573,103.76924436792422
2023-08-02 11:46:43.765733,XPHOJ46A,2.685415476233314,103.52792792329188,923.9464464926159,2.0331079133059315,260.9094241425348
2023-08-02 11:46:44.242854,2309MDZS,2.475594162867747,104.43244784998869,84.85519224327811,0.24369245238199833,207.56623746124342
2023-08-02 11:46:44.744938,6NDVQ3TA,1.6826154133664362,104.23486346140864,94.95676324255638,0.11273802247113149,309.89125432225455
2023-08-02 11:46:45.247031,9GSJOFUA,1.0957518430276632,104.9469157836463,91.61821708779657,0.2050794221665647,229.4360848231895
2023-08-02 11:46:45.749085,YQBTZOXN,0.5998059868529035,104.619607459843,97.78930071593338,0.017683158303330754,8.793930778541721
2023-08-02 11:46:46.251072,2ZVOGDEP,-0.0689725470253999,103.87226862245974,140.97177605370604,0.010394206826100255,253.57229495569112
2023-08-02 11:46:46.753247,RTSXV9YD,0.2655016144598168,103.01594366889168,208.48655963082837,0.012698635787964822,281.97901106628365
2023-08-02 11:46:47.255389,DHEWFSBR,1.0987228009671621,102.7566207211764,140.3679164765346,0.021391617360758897,331.59020580715486
2023-08-02 11:46:47.757500,7L4ZN6Q3,0.19802747011886512,103.6799355405598,95.63724034245189,0.018222496769090626,50.4307598503554
2023-08-02 11:46:48.259621,C3SGT5WY,-0.14192730362230233,104.01781306628375,77.96915609454558,0.007646722981081662,94.7344411717745
2023-08-02 11:46:48.761806,BW0CNMAU,-0.30278972612437083,103.07998477406609,49.02261199680597,0.003045212847741433,25.580659838995757
2023-08-02 11:46:49.263983,4WR90LMN,0.42270959142980913,103.79280310120272,60.464998327665214,0.005714266929842762,102.72061110048709
2023-08-02 11:47:00.907443,XG213CLW,1.0684580044370746,104.38508288243739,940.6311619996472,202.33946318864793,52.59253072444145
2023-08-02 11:47:01.409675,LWY4OM13,1.0111537091424663,105.06015296313782,1091.9770222658608,29.01781789172682,23.725697153378462
2023-08-02 11:47:01.911762,U4GYXQEA,0.914585375501684,104.24304651416253,1397.965366603934,22.514950821004703,235.53603245502447
2023-08-02 11:47:02.413928,21ZXEF0G,0.9228846349986648,104.00877167737288,8.928956005652026,36.80064975318778,326.6145112109476
2023-08-02 11:47:02.916084,KPWSJYQI,1.1145259383724786,104.92915402329828,9.631164516997044,15.606319761692802,12.482851330168444
2023-08-02 11:47:03.418098,9ROVXWYT,0.36955990755075163,104.60589823344739,12.98870580956019,30.63639249466316,96.93574982992027
2023-08-02 11:47:03.920139,68BDKYX4,0.2822614385608755,105.01308390554625,6.985275968395997,1.8678329902030413,20.467329404778525
2023-08-02 11:47:04.422209,HYUI68RM,0.956642616651296,105.85706930343784,12.65295483136881,1.5034753657248727,342.9385488013229
2023-08-02 11:47:04.924247,0NTFROW3,0.09329323740000572,106.64780358146953,12.764678978933377,0.5916806310522025,198.02408420660618
2023-08-02 11:47:05.426117,FR7BKXCD,-0.14296831951542477,107.1920074053766,21.828284537353337,0.030860416683131664,241.22506533403092
2023-08-02 11:47:05.928153,4LXKD7OU,-0.7166003296781565,107.25959066240678,24.289600741474295,0.03349567120365813,39.40465919934229
2023-08-02 11:47:06.430191,CTZHINW5,-0.941919541509449,107.15457784164586,6.1887355665861925,0.016813266852452186,165.94880247703406
2023-08-02 11:47:06.907144,QEHVSDKP,-0.6769165991467638,106.51092149586776,3.718616230963957,0.030706286972991513,168.21760524161618
2023-08-02 11:47:07.409169,IHSGVK9B,-0.6090148816027574,106.61220508059841,6.4985753051216,0.008596599039905166,9.585759308983143
2023-08-02 11:47:07.911262,NEHC8OPU,-0.018419302120933123,106.51758179899738,5.216757146119443,0.0032407406124051004,191.12036700136287
2023-08-02 11:47:08.413392,3HQRAIK9,0.4652434583901641,107.09182363228416,5.816353748623804,0.005406616815185047,158.94433643549246
2023-08-02 11:47:08.915458,G7FZLXNA,1.2707537540683815,107.14157417777938,9.710629408142621,0.0003236368877366476,217.69730843868663
2023-08-02 11:47:09.417612,LAXZTHJD,0.8075439571343495,106.35026140443178,3.095710854129706,0.0006408404374567283,38.08613810169783
2023-08-02 11:47:09.919700,HC3EKS2G,0.08428036753673696,107.25694932770585,4.779247902010276,0.0009097735779533023,245.43120661546732
2023-08-02 11:47:10.421773,8LGVFSNX,-0.4591674384936886,106.59578602369866,5.524927038266316,0.001648968184203615,92.15699075149689
2023-08-02 11:47:10.923860,NEIQOSWJ,-0.7443174354634849,105.88422488446142,4.822219923332032,0.0028605318659050936,279.4664178955562
2023-08-02 11:47:11.425981,OM1ZHGXU,-0.14310783053049847,104.96921535318263,8.985016402533699,0.002706981388674052,58.92706645666976
2023-08-02 11:47:11.928089,EHI6QB5T,0.1997607942696975,105.78145161981006,8.734751163512268,0.002804539134259937,62.989482657384045
2023-08-02 11:47:12.430168,FGPQ30YZ,-0.3181700179215172,106.602850060514,16.715314360203504,9.996502859066113e-05,74.65417312928697
2023-08-02 11:47:12.932189,IGQ50VY4,-0.3078557781003446,106.93670397303464,8.008616446400518,0.00016051072902370067,269.0037800946304
2023-08-02 11:47:13.409239,ZPUBKG1H,-1.0473810360181752,107.02772332135775,2.6844766392063626,0.0002512625513542297,10.123986432195352
2023-08-02 11:47:13.911329,08CHJFVK,-0.773494525457503,107.85585609819209,0.745337519212619,0.00043808751071886643,126.32774509212427
2023-08-02 11:47:14.413359,36812WXM,-0.9900049038060628,107.76217432670568,0.020290019194790232,0.0005527427024097723,340.9538455357332
2023-08-02 11:47:14.915532,VI465SZG,-1.697263830292269,107.15463861641182,0.005997831377218132,3.8788918950486014e-05,249.89325060437636
2023-08-02 11:47:15.417652,CHBY7KWE,-2.293793901383859,107.63081065312682,0.006877322057226386,1.91628721270662e-05,332.4123638257537
2023-08-02 11:47:15.919740,K8A9I2HE,-2.241733356768875,107.48221415214654,0.012176855000197736,1.3245290607756698e-05,207.77861958588028
2023-08-02 11:47:16.421829,MB7OJAHK,-3.041899858259156,106.99470884497818,0.017967182003386907,5.558255605726792e-06,268.37066906246963
2023-08-02 11:47:16.923901,R5TJY78G,-2.7299369389345327,107.7424869556556,0.02586476164235405,1.0915834016909853e-05,180.6813513753034
2023-08-02 11:47:17.425969,8ZYI4C5K,-2.9713609749437486,107.75952277677192,0.04477103905363189,1.0001450929218153e-05,155.48715678704605
2023-08-02 11:47:17.928055,BNHW1SQK,-2.2789583231782418,107.66447856054491,0.07898190499558112,1.3971840434049854e-05,68.01386036540077
2023-08-02 11:47:18.430085,7LP9O2Q6,-2.6177463887257275,106.80702985242277,0.1212018921952932,1.7962267479105232e-05,142.91641243060602
2023-08-02 11:55:50.504389,7NT4FPH1,0.9749950332515209,104.61389557373185,5472.471676077667,115.28670897691434,226.71725483304888
2023-08-02 11:55:51.007805,KTC0UV36,1.6552569256779301,104.6535948061598,8836.562522223758,30.6618563886947,163.40983916306266
2023-08-02 11:55:51.510045,HL42N59S,2.4251747078492834,104.79413088907386,152.04493243035904,40.158457635812766,352.1278676265488
2023-08-02 11:55:52.012300,CKSU3IQM,1.9247937696642055,105.20117153008655,82.42187546956278,55.61728850575987,207.76624465056352
2023-08-02 11:56:12.319146,93NS7UIZ,1.2517557809711364,103.68146084461651,9452.000092958655,101.36054923146058,121.71531066397992
2023-08-02 11:56:12.822409,829ECHYS,1.4772579554920566,103.10338844721363,16451.54727557961,95.51811534910293,38.73944203352812
2023-08-02 11:56:13.324699,FWR2ZQPK,1.4859274236278441,103.97765379059211,23444.944179368267,188.92556465529057,107.48873968560457
2023-08-02 11:56:13.826840,LY89S3OC,1.086371403876043,104.69871354025236,365.83336041466464,213.70716695764105,255.132294131395
2023-08-02 11:56:14.328519,C8M7SOA5,1.795247860819947,105.12499562454596,550.589501554867,199.38416595705988,221.68413266839002
2023-08-02 11:56:14.830226,QGEV12XU,1.474181250706683,105.48758711903639,338.3741079883782,197.48213335745083,298.0890817243059
2023-08-02 11:56:15.332404,XJ471HPF,1.2901776119058017,105.19350138516116,256.28627733806854,361.4747036356434,1.7092359093029472
2023-08-02 11:56:15.834609,CAPIZXKS,0.8162249351904451,104.51952922015572,33.3262742776935,469.72111568496524,289.30597016175085
2023-08-02 11:56:21.526371,12G5JXTR,1.0704043196803457,104.80944178620112,7521.8694737396545,212.62096162341365,204.03664689734265
2023-08-02 11:56:22.029729,I7DH3B92,0.14509068395371028,104.89521938061489,9.534549931697256,26.867865072283195,33.09763492828654
2023-08-02 11:56:22.532035,EIAS963V,-0.26468098869825885,104.04225386686183,8.670713918840768,18.942684907289227,309.2459970207728
2023-08-02 11:56:23.033800,H4WFN1B9,-0.14613249829857677,104.43267647713665,0.6731357424357336,9.914516148094116,290.2231770414227
2023-08-02 11:56:23.535832,P16BDK7I,0.18401088098620777,104.64267545716845,0.9501868508739725,18.962798776864304,275.76299386759047
2023-08-02 11:58:01.108235,4TZ8EXLF,0.8494156414939047,104.50261847557485,7344.373521209788,34.25920195367462,282.653295997006
2023-08-02 11:58:01.610723,X0YLZOSP,-0.12013759359820542,105.33733490917001,11266.91737525547,61.67731638347634,57.92585546368991
2023-08-02 11:58:04.450020,P2NR1IXB,0.4477029367348315,104.42022137175249,8742.24043533005,219.7914990464657,207.00736570048812
2023-08-02 11:58:04.953309,MHCYVEAO,-0.5248723818507395,105.08247395580688,12442.76562566802,239.53324134902405,124.90525727544673
2023-08-02 11:58:05.455747,A5VITRL6,-1.4302713960306461,104.27024967439736,10561.125926564908,326.42515310376757,29.83472699422191
2023-08-02 11:58:28.302704,UGH3JSZQ,1.1654467718540027,103.39699168467158,10016.363349283925,62.01733851300992,151.49964052212164
2023-08-02 11:58:28.805428,RS9EQVTU,1.3850923086109657,104.23058906878752,2576.3670649221995,117.2326877117104,217.43740017216885
2023-08-02 11:58:29.307667,FVMZRP5W,1.6437348643119387,103.46774855609756,1943.4715030102882,225.0954422684136,112.45534087324461
2023-08-02 11:58:40.469492,UCLYHXGW,0.41018535225990505,102.99977744083189,1339.727260358516,58.51799566932573,334.4247255783281
2023-08-02 11:58:40.972457,KIDTYL3R,1.0962336310453955,102.1699857385219,1510.3584281922585,31.44787446493779,247.42992540082946
2023-08-02 11:58:41.474599,YOAP2U3D,0.6329425209418891,102.73902910420215,1971.1357900410273,50.790771853571,309.5841804931094
2023-08-02 11:58:41.976685,5Q7DO0Z2,0.8910377490122026,102.34078867043269,1924.002199806957,92.91427631877715,102.27039566088047
2023-08-02 11:58:42.478657,T6S0YW7I,0.047825825016251544,102.80139207906599,1877.4245105984203,181.43604065712802,201.05645370031772
2023-08-02 11:58:42.980813,LMGH7865,0.9379173636684415,102.05306109385033,2777.985459867226,334.8139755342166,37.338800961204925
2023-08-02 11:58:43.482765,MACQ0ER8,1.0445082037774465,102.62681743856959,1498.0494669825532,379.9405899891958,164.0272446332442
2023-08-02 11:58:43.984685,XR3JK8N5,1.9773609095021414,102.17542913035554,1187.2580651998437,89.96152258396876,136.14809110158086
2023-08-02 11:58:50.203673,LD74RJ1M,0.9380777986980837,104.53110486306544,7593.704154790347,210.48305570242442,139.82468698015364
2023-08-02 11:58:50.706077,A1UQGD6X,1.6707710270188545,104.75735529196758,13527.0524398158,47.95610510613966,62.54531155145776
2023-08-02 11:58:51.208215,3GC86T07,1.2944454153953364,105.13607783084116,24009.826635060177,6.233128479029979,146.23813341670498
2023-08-02 11:58:51.710367,5HVO7SW3,1.7973075853274105,105.47802525077802,29325.205391264662,3.5816760612610112,81.13967000152661
2023-08-02 11:58:52.212272,Z5W7FQU6,1.2313414715930346,104.86241866310665,48224.599474623894,0.8735657499300147,234.42443829954908
2023-08-02 12:01:25.432251,ZWA2R1J7,0.906526075043969,103.17299378049432,1768.8414370527712,175.82496216617403,182.6157251979444
2023-08-02 12:01:25.934751,3UMFX92A,1.8436410446387033,103.59563537255625,2405.9045547389583,39.536195645170665,21.749979046973863
2023-08-02 12:01:26.437000,6OQW59YZ,1.9245744458457428,103.59153111853954,1961.6448643871345,34.89899435104318,133.55361657443365
2023-08-02 12:01:26.939137,XDRIQAW1,1.7917159456136327,104.10399657376159,2040.2969982568886,46.8971909923643,252.60591755470503
2023-08-02 12:01:27.441283,YCZV21AK,2.033884164137014,103.53519480082895,3257.050247956517,69.66737282837528,218.9436603021369
2023-08-02 12:01:27.943465,GWZ71L0I,1.885402036731607,103.1030609417406,4577.373367057944,51.0765669161044,282.9973800765501
2023-08-02 12:01:28.445565,3V1KTAQ6,1.4058184707691845,103.53610223352683,149.0532633870398,76.26396180694394,334.68242087005194
2023-08-02 12:01:28.947651,2WR398CB,1.264914542365858,102.85227489616483,128.49257105060258,35.54589570314239,153.25134526149895
2023-08-02 12:01:29.449739,JQX13L5H,0.6990450894108537,101.92438044216978,97.98482514404621,41.39291570399096,207.46538548630065
2023-08-02 12:01:29.951820,IBR7SDZU,0.3559783288698779,101.70313332265928,111.13380426124154,42.05586481279865,187.76019997562855
2023-08-02 12:01:30.453978,N8KTPJH7,-0.24116511480029157,100.79162040140372,53.26775937821541,77.26682507588045,299.8649716003378
2023-08-02 12:01:30.930825,CHL8RPE7,-0.06962159705565196,100.4323065426364,41.96445556482126,50.57181518264248,215.5582018760099
2023-08-02 12:01:31.432863,AO6HV5T8,-0.480779500328089,99.49259792782267,63.28050369366691,33.2627974530426,85.20450078689407
2023-08-02 12:01:31.934683,EWQ5U48Z,-0.7887371341268588,100.25902370919344,64.22164885305887,25.635362836901194,293.03874224236995
2023-08-02 12:01:32.436609,2LRSKY6F,-1.696671258764405,100.34080162483673,80.90713003271412,48.3687134101666,70.89905552503666
2023-08-02 12:01:32.938631,6JNRHMBG,-0.9788400010531328,99.58843704196633,75.05889909384923,72.26956077825243,129.3494892479289
2023-08-02 12:01:33.440342,MZ0IBJ82,-0.6782086674473831,98.71490309513374,82.23290879750725,116.98548719604807,210.05325529161348
2023-08-02 12:01:33.942400,JK3RCB5Y,-1.3519036983031105,97.91728790703215,116.19729325577748,225.8308296042013,197.78211686910254
2023-08-02 12:01:34.444378,B24S0GRO,-1.2154760297413711,98.8164458531594,52.974655617669896,370.01001298066484,221.29918347249432
2023-08-02 12:01:34.946517,RWOZQUSA,-1.4677706871421612,98.8796186722846,96.58757422822114,465.86420704563307,221.98853623864508
2023-08-02 12:01:35.448591,QAM3L748,-1.8383853904699547,98.74716081587684,25.927806581888433,87.42795967877129,109.27659940694292
2023-08-02 12:01:35.950578,HSZOT0WP,-0.9380709663054185,98.64271790491826,15.416576777686448,138.25766937316087,325.40749110205564
2023-08-02 12:01:36.452573,H3KZ7B2Y,-1.5580262672786391,98.49089600006599,24.56824136238975,268.61303036752145,59.58788643496683
2023-08-02 12:01:36.954543,ZVT8PY67,-2.1048689766467423,98.1369891140811,43.06905484611301,22.50653779689577,195.1763174368587
2023-08-02 12:01:37.431587,H13EPS5O,-2.5062847050254335,97.77397129767988,57.98975443369486,17.5196478385024,172.19529606311653
2023-08-02 12:01:37.933681,VIF37X8S,-1.8960418475050047,98.45557484336783,58.89503673623084,17.270243455556102,221.87156071969213
2023-08-02 12:01:38.435732,Z01QFCKA,-1.2238816736904699,98.44860085779723,51.20301439564659,32.04918162883934,223.15371827170992
2023-08-02 12:01:38.937795,I0WM5SAV,-1.079929734720591,97.7340614169293,46.15407031567734,9.738234851195877,55.13585630927696
2023-08-02 12:01:39.439942,GVK6DIAT,-0.24018938300413528,98.62027858925694,70.9867000648027,15.665406706814442,116.87024078697814
2023-08-02 12:01:39.941946,AEKDWXH0,-0.19679871967683682,97.7712074179842,118.73259023350097,16.179958968522584,254.28850674102733
2023-08-02 12:01:40.443841,GW5OKA7B,0.12195804926914855,98.70785266048156,75.35373591352659,21.48117450149628,29.54670656046892
2023-08-02 12:01:40.945990,H9DF2OQ5,-0.032323598440198165,99.21407384150876,88.97272400798076,28.89053068096665,82.09039061963497
2023-08-02 12:01:41.448038,FNW9YO64,-0.38526030042784765,99.58427070648578,86.60490575349918,26.811442424493478,292.9627565804939
2023-08-02 12:01:41.950153,6MRI0YUC,0.5236684371126488,100.0374434211395,55.27734150378572,11.847129958606855,219.32757386974185
2023-08-02 12:01:42.452089,HQ3ED5A8,0.0817473754607132,100.43460501019995,66.23526023258674,21.608129258281192,264.05778464338573
2023-08-02 12:01:42.954155,DAECTXLR,0.3611752793077341,100.28496006511885,23.29505329976805,16.890342003580905,31.375348466488617
2023-08-02 12:01:45.818244,49S1VBH7,1.4079299174781434,104.14886451923176,9202.850450370599,108.69995210177522,177.2216362706162
2023-08-02 12:01:46.320497,NSHPO7VF,0.96626141889535,104.00008405847893,14765.429812205764,69.4656128761917,357.3919259665777
2023-08-02 12:01:46.822669,J9GTDEUY,1.8394280051203022,104.4182501029899,11194.067597340112,138.4010556086551,53.94627924844201
2023-08-02 12:01:47.324801,NAKD42TU,1.5172004774353727,104.93349046247857,1654.9279246316928,243.5566796998519,232.2617307272068
2023-08-02 12:01:47.826842,1Y5HODPI,1.358688120495376,104.17988343024672,2499.029288361751,90.30932542470353,223.29079772571265
2023-08-02 12:01:48.328895,NK7F236S,2.358183531375561,104.83021748231906,4412.442499590906,66.50999224907925,101.2251279785142
2023-08-02 12:01:48.831039,B1FQ8MJ7,2.0500928235720295,104.73481218170056,611.724385502499,11.261643831996516,170.6411262529324
2023-08-02 12:01:49.333263,0CWGEB1M,1.6181986638352879,104.23739845508393,871.6045862685763,22.40226085108454,136.36808476076783
2023-08-02 12:01:49.835408,HL0TF38R,1.4702118098063184,105.15246990753845,591.7309663413323,33.622774999432224,142.28209562259664
2023-08-02 12:01:50.337289,E06Z7YPM,0.8750442514436303,104.42665037552797,904.099462309407,22.15407738219008,329.391683038991
2023-08-02 12:01:50.839242,AV18JQ2S,0.47733293501110685,104.50702512725685,314.82130544878237,23.264164980277954,349.1633375652959
2023-08-02 12:01:51.316113,HLN9PJGT,0.5443472957622768,104.57088498903549,378.61598682149224,45.84681883311012,293.0222441711783
2023-08-02 12:01:51.818133,5TVXLYQ2,1.3782880072333283,105.4474834086773,371.6668286557855,45.45113583867221,48.81398181119556
2023-08-02 12:01:52.320181,2WLG0I8O,0.996121371276691,106.44575592858531,659.5829288863073,5.9713783487621654,335.81487594373993
2023-08-02 12:01:52.822136,0OVG5RC8,1.6017361872350895,106.67633238263384,1172.2142501881838,1.4989155394009588,203.58207628468745
2023-08-02 12:01:53.324095,7503NLFU,2.4815495764031787,106.35598658005667,326.46586971441,2.5497053011302535,279.9003369619136
2023-08-02 12:01:53.826138,2IEBY6JR,2.6556886435443925,106.59759640051357,376.9785456807627,0.7838979538184714,248.94396377260432
2023-08-02 12:01:54.328294,DY93XBT6,3.086768404895655,105.8610967524801,7.709444234815578,0.4095268613108477,231.68289738376257
2023-08-02 12:01:54.829957,V172RUGC,2.168729438334528,105.7229735283318,11.622176596631162,0.460583949032358,96.8729534012532
2023-08-02 12:01:55.331668,GXTAB8RC,1.4335470473409675,105.03549707497328,16.76211173381155,0.5432174145695519,292.0309106570195
2023-08-02 12:01:55.833588,NS053GIZ,0.6351673286534276,105.24358589869249,13.569555384587325,0.47962580006586036,240.80419425156015
2023-08-02 12:01:56.335734,TVBOQ90U,-0.11377069611912694,105.0250849618839,12.035330360194935,0.6258666405038296,7.506710595870743
2023-08-02 12:01:56.837843,G3R7YCDN,-0.5679547819799935,104.77914844065056,17.082133215428886,0.693854365583545,322.60039447049405
2023-08-02 12:01:57.339956,87PCAYM2,-1.035375307479556,105.60429230588935,32.95715971139909,1.1534033016598084,52.68032059055912
2023-08-02 12:01:57.816979,8UXW30DN,-1.2083884416381376,106.13016233595003,45.549658188579706,2.168463117433112,341.5442019284155
2023-08-02 12:01:58.318840,S5RGAFQT,-1.6751087833464393,106.05525507519079,56.46343158150936,3.349842365928938,111.6649187662731
2023-08-02 12:01:58.820588,VXM3B1TJ,-1.736523703268661,105.15734591312918,22.786707635000134,3.6913395670802345,186.90915122730541
2023-08-02 12:02:25.060307,PV5LA2NS,0.874918701618489,104.7654405983974,7109.220397230558,176.26892435004447,184.28639865276938
2023-08-02 12:02:25.563423,U32W8V1P,1.8012136549372786,104.90354363890535,2867.0525029663513,322.6915603179393,327.0686865524993
2023-08-02 12:02:26.065594,6VZGNP9B,2.7236542923860485,104.37635669220673,3850.4293185511947,396.4817189586004,18.857763067991527
2023-08-02 12:02:29.571949,FMCOPJIH,1.5307243215423336,102.84766312610225,8129.7867299862655,86.51001858039868,280.9604725840433
2023-08-02 12:02:30.074169,KYVM5Q3G,2.3794559057618168,102.65914352746431,5558.772435018413,163.5041134269147,65.9839867346945
2023-08-02 12:02:30.576291,3I7XCJ2B,1.5041189328531113,103.54171408755747,766.0840233289528,21.899901838895204,99.44175066758852
2023-08-02 12:02:31.078318,J34A02OV,0.541156132760171,103.53686507821268,1448.0447533088127,15.178915000083418,46.312077629534826
2023-08-02 12:02:31.580487,3ARTYJI8,0.8661725752986917,103.39008793042856,2272.870005144703,2.209199333952652,12.159629136475303
2023-08-02 12:02:32.082715,S6NVWLOD,1.6838275774248381,103.77768215486007,1851.2697245460465,0.7896132260217921,253.14319734951442
2023-08-02 12:02:32.584926,DREWCQUH,2.56836607472934,103.74549553901836,2323.0792947482746,1.1628212502192332,136.48673381847436
2023-08-02 12:02:33.087083,Q98PDXSV,3.4949414836610715,103.25092028271155,4578.557752430669,1.074487351328775,9.696815255057572
2023-08-02 12:02:33.588997,FPGJB015,3.809268364241331,102.31277687021505,1600.1493657180972,1.5954976232332478,270.9594368788763
2023-08-02 12:02:34.091139,DSX2IK41,3.7322967971382868,102.80945979949767,659.0477713077972,2.6626257129611655,223.09994059467226
2023-08-02 12:02:34.593354,0L9WUH1G,3.3270094519169127,102.89483431891675,814.763239734698,4.096418168495234,320.79758541082754
2023-08-02 12:02:35.095576,1KU5ECOY,4.1830513869130455,103.05993868740009,1256.999236341683,0.9322936079204256,321.1217991177369
2023-08-02 12:02:35.572671,F7NAPXDJ,3.2171260143447524,102.39766878813563,2211.543741309954,1.8458868665457622,194.0192555095465
2023-08-02 12:02:36.074794,6WSFHK0D,2.78863451638596,102.43967904943366,56.54981422525134,1.0462064826227753,254.2793078157934
2023-08-02 12:02:36.576940,CXPETOWQ,2.942031426021857,102.19719109635527,87.19022373968978,1.331298840510114,303.54420083928557
2023-08-02 12:02:37.078903,KJXI34EG,2.9687089672964975,101.23356092494593,7.114944674466358,0.8167867003657043,11.39886984495024
2023-08-02 12:02:37.580814,KXUCYM2D,3.887613657924355,101.44149244370396,13.123818438718457,0.08712295889215826,228.50145702483093
2023-08-02 12:02:38.083016,U7S1O89K,2.9925374293383364,101.16577588095859,16.262899704408465,0.1138770811017098,345.829144511448
2023-08-02 12:02:38.584954,3FVYHUSJ,3.198804827333388,102.08618654085943,17.991261642006368,0.22347218364053179,150.3613870124035
2023-08-02 12:02:39.087117,J7DQHMGZ,4.087102004340589,102.19152482994208,28.02451556499737,0.2844048339883925,353.42789362956836
2023-08-02 12:02:39.589186,K2WPE8GZ,4.293445915087014,101.82549510487351,38.78111906894335,0.10972229843471806,103.16006898713454
2023-08-02 12:02:40.091172,J8YWARZK,4.698966359353122,102.35026287048848,45.13777984980821,0.07436655684658584,326.8811209372782
2023-08-02 12:02:40.593295,O37AFRXW,5.285884248482244,102.71473410029549,87.94770572296109,0.115350898221356,219.37677357432221
2023-08-02 12:02:41.095209,GMJANRQV,4.737399892359981,102.36699414396223,5.827402659329735,0.22980890088767533,221.2131167474326
2023-08-02 12:03:07.232077,QY2WPG0M,1.1231961854084782,104.19033402704491,9858.229928006984,95.80944561531899,225.0633033607728
2023-08-02 12:03:07.734663,T0OZ6K4P,1.3791291073686005,104.66593691239194,11545.284289864197,109.041321497205,236.00921266238626
2023-08-02 12:03:08.236731,VWXFD9SB,0.5730099831993647,105.52671746223308,12857.19766814543,150.72157777413116,126.54363774143167
2023-08-02 12:03:08.738805,Z7O0QJXP,0.7917154925190466,105.92209257095308,13659.383557082121,254.2583637346472,35.978931326629265
2023-08-02 12:03:09.241124,5NOL2MHW,1.3164633139210384,105.38828241281388,2684.0316283374723,52.52870900238233,171.23216423169967
2023-08-02 12:03:09.743383,2U3ZJGDX,1.4189957210060353,105.5267427005195,3060.660770119609,52.722515003085455,229.50545208412782
2023-08-02 12:03:10.245576,QR5HW0X1,1.3959996031980657,105.27153537624257,724.4381177465939,4.890947433074949,119.21312898455415
2023-08-02 12:03:10.747823,I0FMNCTB,0.7200569940807724,105.44588910857645,1316.4713814125528,1.4298302701271224,65.7794897894284
2023-08-02 12:03:11.249976,GHIX8SUN,0.5889671274077442,105.3146431813531,98.56250846868352,0.2984279414326725,137.76256022827732
2023-08-02 12:03:11.752151,O65MXQ8T,0.23003799789915025,106.06931050873607,130.66312760060052,0.21755860409670036,271.3369833490476
2023-08-02 12:03:12.254188,FMLUA639,-0.12449809629675945,105.81142139096927,56.4176936407149,0.11992737272007235,37.25170819339502
2023-08-02 12:03:12.756299,F6ZRP2TD,0.7347943616606905,105.09443943944967,7.188174580001899,0.15139147413712206,10.287367548086593
2023-08-02 12:03:13.233389,6DEZJ9WB,-0.2120720442861237,105.98633385923796,6.196555120873926,0.2106135516956378,216.54290424592915
2023-08-02 12:09:02.076332,60MA9KP3,0.4955849048314387,104.15359335486262,9402.974705863131,125.51861235565903,77.9347639994982
2023-08-02 12:09:02.579577,IT57OK6F,0.1509955707773032,104.05691434044671,13533.465398987664,225.73559153334986,112.40945650450509
2023-08-02 12:09:03.081896,92BQEZNC,1.1450734105389537,104.99584411509416,11070.086577879632,323.63901228802115,11.206229357076154
2023-08-02 12:09:03.583994,XCN4GEJI,0.874883146629797,104.12220351052676,9437.841516119815,445.09023592390105,122.91452372109016
2023-08-02 12:09:04.086041,9IWSH1Q6,0.07216384247502616,104.22328439414882,14090.882062824501,514.8256455700265,216.0902541123703
2023-08-02 12:09:04.588149,CLWB26TP,0.6112998684186353,104.11050798424549,20579.47693629592,24.2525059395133,341.8912555190634
2023-08-02 12:14:13.046429,UBJPHMN8,0.9525429984988425,104.16852262604836,4208.001863641907,81.82217469530613,139.46562296463608
2023-08-02 12:14:13.549226,OG0N48IL,0.8224592781825053,103.51245348190669,3778.1532834833124,36.8937109093686,36.37042874213455
2023-08-02 12:14:14.051461,YXA5ES3R,0.685563717612973,102.71528262349388,3094.8510914219605,18.415191723608626,314.0612779826594
2023-08-02 12:14:52.715857,YTOSXPFE,0.7259129292175726,103.25661523970312,9057.109260696663,66.15952431892842,188.4947716340679
2023-08-02 12:14:53.219132,GD1UW5TF,1.4739466288282574,104.19654672643831,1967.0529773909511,14.176323675712126,74.25365441336248
2023-08-02 12:14:53.721437,IC5ANOX0,1.3569325551755238,104.14684809327416,2142.1104533397033,20.031468011409853,107.22808884331137
2023-08-02 12:14:54.223637,DZEWJP7U,0.5153002750049618,104.00644057892299,26.283951765524307,33.602785506104176,165.29204035632935
2023-08-02 12:14:54.725809,QZYW690P,0.921532802049565,103.41217214579609,29.604849780330238,43.01021363116584,173.235571123407
2023-08-02 12:14:55.228007,47PAV6QT,1.7192443091413097,103.94661982892448,5.267436475643329,77.23782823939275,48.15889567473482
2023-08-02 12:14:55.729978,IMGSO0JC,2.7096073628522674,104.7392645517528,8.132105788505058,113.21981754160356,12.136865746061176
2023-08-02 12:14:56.231723,GC15V3FT,3.4939864727551737,105.2148404710979,11.645315821368948,51.29478770057006,171.3956544928517
2023-08-02 12:14:56.733391,J34PLSMC,3.134588888242054,104.34621146007694,3.3075990691144614,27.047342426826017,303.86509327571434
2023-08-02 12:14:57.235314,6RO3EIAZ,3.2247250994688943,104.37756524688778,4.391816696304246,19.513887809699636,23.665669578028314
2023-08-02 12:14:57.737319,OZG03KWC,3.9552607595114004,103.68187893445777,2.6646342004210704,11.618470280937888,332.75023869673663
2023-08-02 13:39:14.179798,YJBD6QWG,2.238419584469166,103.48136317865382,6942.759568839964,167.37680293085802,231.06072568556658
2023-08-02 13:39:14.682882,IYPZKW8N,2.4296928673561062,104.38305115020749,11802.416926340056,31.139011213145608,119.39508294843756
2023-08-02 13:39:15.185049,U5PKZ31H,2.9302338053122585,104.5784764732037,16926.214267572053,21.393747636635737,129.97886626013388
2023-08-02 13:39:15.687438,RSDFZU3W,3.665520017935491,104.61982866089994,1681.3772540979444,15.414854534437888,310.48185447062014
2023-08-02 13:39:16.189776,OMV9GBXA,3.7006563808450754,104.03944999525618,3087.814308707742,19.94874269849541,198.67352426915932
2023-08-02 13:39:16.691917,TDFBWEMO,3.17535480036845,104.2940173880717,2176.0162715013917,26.687469729642487,272.54883295194463
2023-08-02 13:39:17.194211,HRJO6MPA,2.309433526650305,104.88343308519488,669.4569551261752,41.41506180955115,221.26153917518377
2023-08-02 13:39:17.696454,0A3B5F2R,2.2560791622832,104.57757365180467,1136.4081960506085,62.303687603085194,205.15319793239382
2023-08-02 13:39:18.198824,TUZ7X2G0,2.8205462898456366,103.62798808728404,2008.546411768063,3.2089149968728634,89.18490129479528
2023-08-02 13:39:18.701052,YC2AEL15,3.4245804400567073,104.03377485957668,3705.736565897582,1.898228213002038,32.86899288379408
2023-08-02 13:39:19.202667,2578R0PL,3.4110608028560003,104.15866582984594,2136.733203071739,2.704424028469329,274.8690746844609
2023-08-02 13:39:19.679553,49HBQMY8,2.448488105345115,103.87159172004857,2383.0589579005564,4.148198456141708,111.79230172147834
2023-08-02 13:39:20.181325,CSMZTP79,2.1973631392157014,103.60802534288183,3740.4134977469607,1.78511355372062,33.893283697324875
2023-08-02 13:39:20.683207,B6TJ5LYS,2.196495171730701,104.50954769798746,6448.377603511999,0.5402178281432968,94.53226483903308
2023-08-02 13:39:21.184917,M96HBUT3,2.7689984269558607,103.72851545311795,3314.78536713254,1.0094123531898727,242.97529629169864
2023-08-02 13:39:21.686994,4RWZ2FNA,2.6377223395320772,103.02821734807402,5183.833993754334,1.7046101513213048,250.04785919448747
2023-08-02 13:39:22.188915,826MPGUK,2.835535211185607,103.09441209686854,9572.821274097554,0.716055598591813,226.92063988029724
2023-08-02 13:39:22.691095,3Q8XK4AJ,1.9491227483800795,104.04927183407052,9320.013863397227,0.6376125067832317,114.33752848692848
2023-08-02 13:39:23.193306,PH60QRGI,1.5542294708250786,103.22284229916372,3650.6771172525314,1.0596659964951303,331.3032399868722
2023-08-02 13:39:23.695510,8EMIJXZF,1.7713416812444278,103.31051695277189,2588.1466193885967,1.6952886266004445,62.59671789759284
2023-08-02 13:39:24.197397,OUPRD8SK,2.0585129802223943,102.49209520332487,4653.969270828213,2.9715479826550864,302.4394748819508
2023-08-02 13:39:24.699673,8D6ZA321,1.8242572609431331,102.28602652436766,1618.366502534836,1.823908797175276,103.2762336645311
2023-08-02 13:39:25.201991,3J50BV7Q,1.8370515414560107,101.46545838833786,3017.1439798214838,1.6053603818610889,31.34545686619225
2023-08-02 13:39:25.679242,FL8A593S,1.8348929752551668,101.80045770959735,1912.7107243406513,0.5196379759676657,159.63079553083384
2023-08-02 13:39:26.181534,8Z7D5NOR,0.957417246366159,100.99097534537142,381.22578613947326,1.0113271081618225,33.98924822743311
2023-08-02 13:39:26.683685,V1H2Z7PU,1.7714784206446577,100.9577301892086,321.19422537280366,0.8310050508610834,49.45718720537592
2023-08-02 13:39:27.185883,5NFX12WM,2.3071012858295283,101.04727106258454,389.94812829498795,1.1391308296852571,183.4633906619909
2023-08-02 13:39:27.687893,WGSX8Q9U,2.2458908024761115,100.67539142171206,519.2550060499456,0.18667753349443805,311.8151819087034
2023-08-02 13:39:28.190179,B1YLFEV4,2.2048228954886095,100.0324902398753,769.1584997863979,0.1201027856199121,240.0429170178527
2023-08-02 13:39:28.692228,7GSKD2H8,1.885645966533735,100.1502273132073,961.0701286099936,0.18675340376520616,11.037433975062584
2023-08-02 13:39:29.194248,6BQYS0I2,0.9990254651763457,100.19959402597108,1578.4246202349998,0.00953153749259622,137.0900504019075
2023-08-02 13:39:29.696428,61KVRAOL,1.3924771482810716,100.9584299105227,2818.4472941709296,0.014293371135747666,287.9824311322693
2023-08-02 13:39:30.198726,M1Z6SIQD,0.9412340910185701,100.63754189585063,4055.8499162928783,0.0036438605405338265,71.42652158918514
2023-08-02 13:39:30.700997,KIEDAUL3,0.6318543175937024,100.43953084387383,4889.901089746767,0.005403302751597955,178.6011485401623
2023-08-02 13:39:31.203212,US5YWFGR,0.9599150489245345,100.9534026099247,1140.2809257988965,0.00526885198528645,121.70456780881148
2023-08-02 13:39:31.680318,61U5O7YZ,0.44961592281257423,101.01225096570232,457.2655605783708,0.008469710727882364,81.70773244469746
2023-08-02 13:39:32.182450,74DQCH3E,-0.3361401127384316,101.60328146436147,754.4249808816866,0.005724751308516807,8.36940750314534
2023-08-02 13:39:32.684527,O1GV0K2D,0.21821380811723534,101.85814891752348,433.1239000589016,0.009742001371143135,47.05693982310162
2023-08-02 13:39:33.186691,PRT2J6AG,-0.6992275053554855,102.1941143615801,521.7210980171519,0.005443543897799229,215.70226740652808
2023-08-02 13:39:33.688786,FXSVJ9W3,-0.9378387214657369,102.11469135585615,888.9137125753695,0.010555118408868804,277.79453302398423
2023-08-02 13:39:34.190995,YPJOZNRU,-0.5079926744565584,101.29894134082534,544.9587933756316,0.0185693929875138,197.86468994904612
2023-08-02 13:39:34.693201,DMO9JW78,-1.493394511074772,100.95554246218911,74.41420004009075,0.021691284794191697,97.40252007845368
2023-08-02 13:39:35.195454,GARVZ805,-0.6938949044985232,101.40621042415846,7.970342006194798,0.009041696984617993,32.210244248436254
2023-08-02 13:39:35.697811,ZW612EGQ,-0.0010762694562311825,100.78193317552974,7.678002092368294,0.006125027787415265,31.547673670838037
2023-08-02 13:39:36.200123,LDS8UK2O,-0.7301438870923935,100.57152379290974,1.6232159555529808,0.011096194939088335,26.001384348665624
2023-08-02 13:39:36.702393,0XY7S6PJ,-1.4613102813821919,99.62138399664374,2.2614575119972815,0.012523052888123977,341.0628162120827
2023-08-02 13:40:32.338938,6QJK1VOS,1.6297274625637261,104.64877981713077,229.9145313843892,29.132549875107927,200.53739783011977
2023-08-02 13:40:32.841821,PSG36U4O,1.0616079176893485,104.23749054225628,366.9226125529013,58.09531672884964,212.85995177827994
2023-08-02 13:40:33.344209,I72NBSE9,1.345832781945071,104.11242727996363,513.8476160972515,75.9741203956081,168.26449509968438
2023-08-02 13:40:33.846550,1KMATGVF,1.3762816874430082,105.05788206789049,438.16414277980624,89.49874869960877,179.88723547099107
2023-08-02 13:40:34.348895,8YTHRMSF,1.147810320261705,104.82596024774945,621.6253406319582,46.14906148109804,100.52557966010687
2023-08-02 13:40:34.851057,YDFAQN60,0.15726146199131708,103.99711840646562,968.5309305009625,39.657664399753244,340.53361075655613
2023-08-02 13:40:35.353359,UO5CRDSN,-0.4993293503422629,104.43114790287811,1359.2296491565596,54.318484330105235,108.45953132996584
2023-08-02 13:40:35.855702,18RSKY7L,0.4760780175421355,105.31273179059933,2324.028396417727,71.60774893930582,315.1628495873754
2023-08-02 13:40:36.358097,RYU7P5CA,0.8696733777023746,105.01335790548026,675.1701980676794,34.38587452513735,148.70348125436715
2023-08-02 13:40:36.860369,2LEV0KJ3,1.497241808515711,104.92101716435803,819.3031177377671,27.61861063376305,83.8994020371473
2023-08-02 13:40:37.337589,CQVM4XLB,2.4322105084013135,104.44153956571282,1388.5005017513342,11.137417455702536,42.77364327870987
2023-08-02 13:40:37.839782,HUI5CVZ9,1.4477116225712923,104.14924411680056,466.4741603327659,11.54919775686048,243.6703157875087
2023-08-02 13:40:38.341698,M5E94J1Z,1.7279335869105095,103.60176577763552,92.30516752083281,17.084707592839692,149.81714111857048
2023-08-02 13:40:38.843945,HRQDMP1C,0.7839932089577506,103.06987484271399,22.979602526607593,24.1317149600526,143.36396860683425
2023-08-02 13:40:39.346039,6DHNVY0Q,1.2435846894090488,103.2304630252431,33.54090914962899,14.691314716179036,179.71388559224772
2023-08-02 13:40:39.848361,FPT2MVWU,1.515471585908192,102.3358179888696,40.16294092726172,28.61595261304487,237.32246593366298
2023-08-02 13:40:40.350590,WJQZBRXO,1.9066227174078347,101.35563650113737,19.67892037040184,28.820502658999306,26.335428467636177
2023-08-02 13:40:40.852754,POCXSG6V,1.3321577541027896,101.25854581854055,4.750079446055079,54.13769608072574,264.2838850477035
2023-08-02 13:40:41.355104,9R7OBV4H,1.4314701556144975,100.61686894637248,0.6561179031797959,18.886915796206516,230.82356698436195
2023-08-02 13:40:41.857409,M5GJN86A,2.2255891861445543,100.33513553191295,1.1170880503502867,11.072573701240222,10.270813740611743
2023-08-02 13:40:42.359782,ZFVYUQRE,2.7468629073198656,100.06855757443657,0.42747079898183693,4.499633467113764,92.7607211272179
2023-08-02 13:40:42.862098,NB5O3EMV,1.908332479214832,99.97027859977513,0.3785647328336886,5.5926448888913285,301.2650253746584
2023-08-02 13:40:43.339242,JVNERKHU,1.5708769975565033,99.92806746891378,0.12774230218102517,7.172189092392746,141.40485948221033
2023-08-02 13:40:50.133673,NW69FQPH,0.8602988714526068,104.06090735730514,9149.119425134302,93.7268589179286,180.5461120907053
2023-08-02 13:40:50.635900,NBUFAEVR,1.7866923459831086,103.546373230336,1813.4841201585177,136.57392593316823,106.59056177617856
2023-08-02 13:40:51.138158,TZBEN7WP,1.1298455126111335,104.11135852096375,1514.6888395742233,208.82635282714813,13.068624007578876
2023-08-02 13:40:51.640321,P7BQVMKR,1.4446855942178247,104.54816420481033,1023.693160005949,166.30261260491065,96.69410269439514
2023-08-02 13:40:52.142634,XW97DOYH,1.2059856146758916,104.43962668856392,1208.6331882247039,279.7351827116111,12.579547389498089
2023-08-02 13:40:52.644851,NATSYF6Q,1.2134782167671907,103.54627360598478,1049.581684537093,8.446879194132975,268.43524759592066
2023-08-02 13:40:53.147141,SD9AJCVT,1.9527953205453574,103.45486067072433,329.18812404345067,14.519624262505397,123.85643485264137
2023-08-02 13:40:53.649453,0NHT1PI7,1.7780912436905565,102.89931067250573,203.35332810600394,23.5781695357407,313.51272699574747
2023-08-02 13:40:54.151755,JX4V7EGT,1.601186416609571,102.21724756312997,255.99761976804638,9.723265893258693,13.985189702363016
2023-08-02 13:40:54.654059,PMHBRXS1,1.753563823759803,103.04859344246887,151.49220996984343,18.14013489924555,338.1348680264993
2023-08-02 13:40:55.156130,G9PEUNFS,2.557192252943821,103.49210954795812,129.41487755010516,24.714785384246472,108.09984696694687
2023-08-02 13:40:55.633010,OW3RFM71,3.413464036265753,103.62149240455233,46.656962404683185,14.85913897663766,9.418287235689945
2023-08-02 13:43:34.903078,JB5KOCPE,1.2069982897108495,103.59639589576217,3791.0529926329127,263.4804070771034,280.4654314830628
2023-08-02 13:43:35.407277,4N0MJWD8,1.8036718775127105,102.634162653769,607.1315180577631,222.56601454065256,307.88474783461726
2023-08-02 13:43:35.910274,PCVL465B,0.819320865876765,102.04879429443352,95.38725840007965,15.152916719529827,201.08417166400386
2023-08-02 13:43:36.412854,U4FVLOCZ,0.11900710429917716,102.30483689452215,142.9721218477267,1.5706776951667276,197.8231676902301
2023-08-02 13:43:40.966011,U6HRVFL5,1.7386576337911719,104.54764752695907,5083.2148231154,216.5881469265607,272.91468769991974
2023-08-02 13:43:41.470563,1WDOE0N3,2.1859299977962436,104.85137828718338,5609.61152926067,77.9118094045374,124.67893853867349
2023-08-02 13:43:41.974595,WVRFGABO,1.5553185928852826,105.60766845945827,8236.056583303085,98.74484166362609,249.34619050941578
2023-08-02 13:43:42.478756,N7D60FY2,2.0082849828079365,106.26194517225828,2164.477447777321,37.89960325986134,359.87367166252176
2023-08-02 13:43:42.982521,4OIF56JA,1.817141022230231,107.17291844658779,1860.309044612979,56.505403232518034,5.813033460736506
2023-08-02 13:43:43.486358,QC9X62LG,2.5057781181537138,107.94564965223424,3717.8666031185517,5.738500202316544,260.6455030873552
2023-08-02 13:43:43.965047,TNHU9PWY,1.893464860728396,108.3740127242196,5119.828487583318,9.686092690938114,256.1238427854264
2023-08-02 13:43:44.469381,AREDZ2HY,2.6350799688789346,108.03712443252613,153.78753326729657,6.400460237174705,313.0843402308832
2023-08-02 13:43:44.973633,C6P532JF,3.2041511025335403,108.23219800665416,143.2213163196841,4.421991367461549,96.292546123595
2023-08-02 13:43:45.477888,WOZAY72B,2.6350673791248314,107.49369693001341,202.8795401280776,6.386921628809543,155.86305262573802
2023-08-02 13:43:45.982264,SYX1RZVQ,2.0275763751032034,107.30580298308362,188.81670448383218,12.562259783496154,310.1161179777059
2023-08-02 13:43:46.486475,LH2OP0TA,2.21727685362689,106.64915499557146,287.95820163771515,25.013101389194233,148.75700124886532
2023-08-02 13:43:46.965694,AP50L3B2,2.6743424321584586,106.67568824068621,61.52790036085415,19.3030662213849,115.82657310241075
2023-08-02 13:43:57.557068,7WD5ZM4V,2.1037180990241353,103.90573077742651,4183.80685068752,58.76826595690366,140.95174431496886
2023-08-02 13:43:58.061797,50GCTNDF,2.3229987701191623,103.95274618753096,6873.3296426004,114.56819424353311,227.85966893285314
2023-08-02 13:43:58.566352,1745GD2T,1.5667057146630536,103.81619409237746,11253.394219511365,96.20515197527129,291.57949958335206
2023-08-02 13:43:59.070311,T8BALK7S,2.175431177189962,103.20947915813288,21082.48392462787,60.82191483589065,52.14160544253929
2023-08-02 13:43:59.574572,HVGFERX0,2.049594463862275,102.90052410177015,1949.4287478058905,98.23469077957289,359.67287419157975
2023-08-02 13:44:00.079064,PLTFWO2R,2.9743452811078406,102.6277733748711,1761.0592011998372,118.96613651729356,240.92306580826425
2023-08-02 13:44:00.558035,3JZ5YNBE,2.556987705205624,103.31297884303099,3005.7041724748296,224.99100844917498,243.4467371373845
2023-08-02 13:44:01.062119,3YEWPHTN,3.430250385144664,104.28452463730102,1602.3416354229018,53.735663940318176,10.400399818341725
2023-08-02 13:44:01.566494,MW9NYJRZ,3.6354802693145345,104.89731952282766,2608.7400436046173,40.95413149207891,42.73396586003615
2023-08-02 13:44:02.070424,45HKNRL6,3.835493356260633,104.39368445476839,1628.9475004489582,65.51473268240056,1.1098585977388211
2023-08-02 13:44:40.463689,G0TXJ1PY,0.6361830586459616,104.81632879217061,1082.045047013371,117.55100160800598,253.48189796142083
2023-08-02 13:44:40.968309,EPU6KWF7,0.7506374786557317,105.36251680985278,109.97360205059874,47.114062999752576,43.26665631513674
2023-08-02 13:44:41.472465,YGFUN8CP,1.5566946046008068,106.23060500423892,1.7618132155931931,76.20753101165222,153.31167333875317
2023-08-02 13:44:41.976452,MQ8BUS67,2.4613348284004477,107.21116100650612,1.3625510796328113,141.23717738895672,296.32604409204066
2023-08-02 13:44:42.480550,CBAE0KFX,3.144175328333227,108.11790654114414,2.2665988674431476,187.8665026619995,19.334963029260393
2023-08-02 13:44:42.984663,IZW2SJO8,3.520683408516116,108.01640627302415,4.285254293879003,62.346983412174396,255.32617555517288
2023-08-02 13:44:43.463616,HL7DVCOT,2.5287104372288782,108.24542012576961,3.7369610554712915,121.49509174521944,23.018122237125056
2023-08-02 13:44:43.967724,YUL3Z5Q2,1.734229619148311,108.87935143705914,3.7239799652487275,152.98366754623842,276.4534865592975
2023-08-02 13:44:46.683100,JHI7YURM,1.3862102769024853,103.96719853326174,4837.49190765027,77.20311644381414,305.9719609960284
2023-08-02 13:44:47.187849,ZE1GDOBI,1.8854961288754688,104.21533121649053,7159.751188688472,85.09635393742279,258.826351615156
2023-08-02 13:44:47.691689,W48F3LYT,2.073204459805435,103.48278163120331,8391.053444911377,48.65182332696786,144.27042065592343
2023-08-02 13:44:48.196238,HPTRAZD1,2.281034289143884,102.65615942087916,1395.493593124169,64.7005480369072,50.95804384687102
2023-08-02 13:44:48.700029,ZSLFT2X9,2.875622245155116,103.25995328477671,1730.8807644613153,57.54900447007833,117.0529807649245
2023-08-02 13:45:08.518118,WBTV4Z31,1.676200135691566,103.54659805304517,1057.181690313837,232.41660587259398,281.37923766468276
2023-08-02 13:45:09.022019,LA4DJVG8,1.994014874367955,104.43607444158206,43.4371688985259,429.8818654396164,260.95705928422126
2023-08-02 13:45:09.525200,LIUXZ6C2,1.3134842202291959,104.7060795927793,63.49957095847272,434.9044909313264,69.69572755542782
2023-08-02 13:45:25.237582,UDBM7L15,0.5687098731058926,103.12695893535643,8008.160225621159,213.99360451766208,115.65395076765188
2023-08-02 13:45:52.119648,6VEZROSL,1.6135000839756504,102.97955654694721,8524.284069129757,20.822918579677875,251.8479922586543
2023-08-02 13:46:12.173556,Z4AJNDRY,1.9480270195668912,104.0429323480713,5227.648137208026,275.65901889546046,342.1246441822645
2023-08-02 13:46:22.319191,UAVTNF3D,2.174837058760973,103.5552569607122,8744.662405613024,71.18161843283603,268.946129598988
2023-08-02 13:46:34.094698,3CJ9LH6X,0.42474684108158245,103.17958104987332,8166.728814816307,50.11588148393761,215.9065286277091
2023-08-02 13:46:34.599160,KPUW8B5Y,1.0314200156679538,102.24989163169893,169.4055246011112,78.90580949288182,310.0713800564355
2023-08-02 13:46:35.103238,358NEATP,1.369190157962281,101.6587975473823,297.31267703906826,139.66370527095637,318.00930534385367
2023-08-02 13:46:35.607124,MO2ZAUD1,1.7148194094689664,102.04089717655057,543.040042919732,227.16695896052747,195.7218519803099
2023-08-02 13:46:36.110627,9RSHUBV1,2.5092894887006416,102.02694032488294,648.6123184161422,193.9287849682742,228.52913597199307
2023-08-02 13:46:36.614191,ZFAPX16Q,2.633682544154538,101.24563136252429,99.88307988555619,300.15824232576426,331.8879191314826
2023-08-02 13:46:37.118074,T528AV07,3.2826226006745935,100.40293259475098,63.90887003279852,451.70312035627495,114.41858164476048
2023-08-02 13:46:37.597184,ZGHMEWLY,3.9708142728910767,101.11044281699165,17.49209706833078,326.20232047369836,238.30176534163934
2023-08-02 13:46:38.101239,WEN4XKOT,3.009351459575442,102.01748558429907,1.6487141704094395,617.270941032986,118.77449461273989
2023-08-02 13:46:38.604953,NWVG9CT8,2.474943724072763,102.6795407865525,1.9222870628226443,248.72909902941313,167.66114545744026
2023-08-02 13:46:39.109157,EYQ7U09S,2.674224933716267,103.58894606729542,3.2474522448829943,461.2736754836328,90.87977397188843
2023-08-02 13:47:01.782474,14S3ZRMK,0.8420220860255738,104.62575316880547,2382.1952209433643,266.64909783298936,316.369967525308
2023-08-02 13:47:02.286989,S1BTV6AL,1.808611456775166,104.1115264003035,4025.1535065337384,101.80842584230228,114.20828275851267
2023-08-02 13:47:02.790559,DOABW78K,1.7576819804451755,103.94523871767517,4396.415605129472,198.14251820640266,73.46381318493258
2023-08-02 13:47:03.293648,3WVD7YJM,2.4440854128179526,103.96275486225163,6073.950670735869,304.72069224912775,9.7735609364492
2023-08-02 13:47:13.875402,5VIBRYPK,1.1161342771263667,103.71506811493435,7681.165446815004,211.06907670988917,169.1463915895956
2023-08-02 13:47:14.377715,5V6CAURI,0.9439167892641678,104.0444407945405,1400.646041283263,138.99371765086696,117.43483421588985
2023-08-02 13:47:14.880096,E43ORB0Z,0.5486218333426651,104.16687198663197,2560.7986971926507,158.2273518323616,304.22575966204676
2023-08-02 13:47:23.063753,43DAP58U,2.0897327942796458,103.94457989211108,3482.1785661037316,48.72958683746526,299.59541726618255
2023-08-02 13:47:23.566992,AQT0KFZD,2.12407438969747,104.88989019039491,5459.338862353478,94.33859503606739,100.71082729991127
2023-08-02 13:47:24.069058,4B8V9K6T,2.8690027274466674,104.2936932798622,5996.712807680942,44.86498879192816,113.36769772046344
2023-08-02 13:47:24.571112,RPKYJ4FE,2.920350081500019,104.54569721648463,4128.1203585107005,41.87857069482637,52.65294786045797
2023-08-02 13:47:34.401043,9LTKVFDI,0.8523069456993111,103.43585941932251,7264.542472067766,189.4464406198038,331.4313388799628
2023-08-02 13:47:34.904396,3L7HWTPQ,1.3331663639055626,103.97747964455716,3259.1496951785375,224.75151314688938,319.0075147867851
2023-08-02 13:47:35.406632,6PKMGQTD,2.3018671377729816,103.62162211106975,3368.304699462384,415.3830878856996,0.1067471133702611
2023-08-02 13:47:35.908835,SMKTBO3I,2.4456438372496776,104.45436096013428,4433.507146375216,209.26877399259715,327.1735067155617
2023-08-02 13:48:08.700546,LGFDCUTK,1.1896110345003312,104.80517610302688,4111.196523779818,102.98035113086227,85.13689075323543
2023-08-02 13:48:09.203817,IJYVA4TO,1.0693898015026868,104.45295043448569,575.1755423058353,148.48683000933653,158.67383838056872
2023-08-02 13:48:09.706215,CAMTS6JX,0.14704951468701188,104.69284944409041,1049.6609102397942,43.18219210298723,292.960427499497
2023-08-02 13:48:10.208392,UFK6HR0G,-0.004366237590559763,104.67045155046485,711.4795387723542,35.91133106537763,102.11826855840337
2023-08-02 13:48:10.710623,6VPL2RM1,0.850096235073067,104.44011483060918,835.8192724422169,53.27326492082436,259.71113831639354
2023-08-02 13:48:11.212891,XL6AJ5NE,1.6258013409354657,104.30625234698341,1117.6458168059803,73.11777815040661,76.04611118675871
2023-08-02 13:48:11.715200,NZMKR7TC,1.3850146330149706,103.86710842134228,112.54894023947077,40.22165817814451,214.52258991784686
2023-08-02 13:48:12.217472,YXH6FUCM,1.9376233345099108,103.4783471942704,16.900350391038813,57.00938928870998,84.60837122957503
2023-08-02 13:48:14.704182,6VGL1CXS,1.6913470795856642,103.20791138494356,2395.4349803844375,245.731812021993,265.9098238430454
2023-08-02 13:48:15.206590,IMVOB5GW,2.521855648158944,103.20481522204626,2997.290999855877,148.89184973917367,205.07926980614138
2023-08-02 13:48:15.708910,74VKD31P,2.609788254917655,104.02342081276849,5954.993368515439,216.1492436395662,72.42806436664046
2023-08-02 13:48:16.211194,2S06IWXE,2.5530126744539863,104.76539344994995,3615.4116824844623,120.77174552562637,75.0000332837841
2023-08-02 13:48:16.713443,F74ESMOV,2.0985651209104925,105.71207403972221,6141.575283126233,31.476516707549266,173.7687839911424
2023-08-02 13:48:17.215473,BD54Y0PT,2.7181396921465586,106.20700902848002,6052.210289669208,15.80358936709476,337.49526022389625
2023-08-02 13:48:17.717732,EVHB4WM6,2.8267643831266014,106.56282874065636,12037.982632968047,9.979114358306168,152.84907972256667
2023-08-02 13:48:18.219852,1SNFBMIA,3.7099954023323987,107.23333257048105,7864.262300368196,13.129565414445198,315.4941059809901
2023-08-02 13:48:18.722027,43LNSGWM,2.879831878472072,107.30808285067233,10717.618966761744,5.2692511678640965,218.80456063578185
2023-08-02 13:48:19.224011,AJMLIZTX,2.889725624551783,107.14416358301045,15882.836991140275,4.682507587396043,37.442847951068416
2023-08-02 13:48:19.726344,1QACIS9U,2.4809694826638937,108.06213435681872,26111.613096053614,1.4526395135462158,295.13618436777807
2023-08-02 13:48:20.228558,5QYF4ANK,2.6246845075950884,108.14605188969982,48397.924807562384,2.0570418760879865,327.33652520736916
2023-08-02 13:48:34.040272,JAGTYHBM,0.6503947618245696,103.27428326127126,3545.281933684983,153.95295369570442,80.84161477971317
2023-08-02 13:48:34.543531,6EUGZ8F4,0.9927843667010232,103.95622994850763,543.3048757834481,257.2839175388986,4.267950742241283
2023-08-02 13:48:35.045750,GPBTV3KU,1.3059577805635616,103.87686075765109,369.29083563398734,100.7042843561531,330.94944300488726
2023-08-02 13:49:11.000246,2TQ1MWZ4,1.5310152149277056,104.32390427094106,5700.635476496772,170.31840767705188,34.18246562270067
2023-08-02 13:49:11.502500,EWRJL4T6,2.003881494219408,103.93527932169116,5958.849873818606,49.960742462777745,337.40578692673995
2023-08-02 13:49:12.004619,ASZVX3N2,2.0688431176781172,103.85974004570913,7752.565321341293,79.71504451106102,224.2594326458102
2023-08-02 13:49:12.506670,8J7GYCWA,1.7402808475220861,104.01014995909081,13023.933706252079,82.55644938623071,261.534205090672
2023-08-02 13:49:13.008783,B1FDYV7E,1.3867087035118433,103.73082693508194,9853.657811288607,87.69435455401221,288.34659176841694
2023-08-02 13:49:13.510948,GRMTBZP7,0.6137404158998336,103.95264776831253,6636.162315454761,71.784652833168,162.85022649818632
2023-08-02 13:49:14.012963,VAWRC8LG,0.3433479984347916,104.81513837255113,298.9847871395514,23.857533691637123,308.0856778600993
2023-08-02 13:49:14.515032,X0O1JHFK,1.3407024151785787,104.05119104640562,221.33773574530125,40.48650269139564,76.0632789073835
2023-08-02 13:49:15.016904,IG1OPAJM,0.4554484300724295,103.55127835427979,384.01033297246215,58.22120219592701,7.082886884882441
2023-08-02 13:49:15.519081,OSBE3ZUC,0.003220376717852247,103.16346864429569,127.85892524159158,19.882697925899556,291.82909415744587
2023-08-02 13:49:16.021378,ZSB0FYEN,-0.7279499440004962,102.32532695268871,39.63607502862229,26.183893570418864,16.98511961831997
2023-08-02 13:49:16.523630,5U8PI09S,-0.4863639967041198,103.08191015754213,57.35662063071939,10.275669091051869,200.77331545709956
2023-08-02 13:49:17.000680,6B2JLW5H,-0.803391077411066,102.6061194500636,81.34155071755458,18.362020989171096,241.70138225388496
2023-08-02 13:49:17.502895,QOZ2JE7B,-1.673779925093208,103.1986873048903,35.62286522150984,29.240527402490656,28.603952185403614